Final_Approximation,H_L1,H_L2,H_L3
8.66025,0.6699999999999999,0.8434999999999997,1.1209999999999987
10.52225,0.45700000000000074,0.08450000000000024,1.2445000000000022
11.473875,0.23499999999999943,0.6470000000000002,-0.33975000000000044
9.89825,-0.0019999999999988916,0.673,-0.9154999999999998
8.885375,0.3830000000000009,0.1504999999999992,-0.17625000000000313
8.57925,0.25900000000000034,-0.3000000000000007,0.02500000000000213
8.941375,0.28000000000000114,-0.48999999999999844,0.48125000000000107
9.44975,0.3099999999999987,-0.41499999999999915,0.29749999999999943
9.751125,-0.11700000000000088,-0.10400000000000098,-0.358749999999997
7.131124999999999,0.038000000000000256,-0.1294999999999984,-1.6912499999999993
7.585000000000001,-0.19599999999999973,-0.007499999999998508,1.628000000000001
8.85775,-0.1559999999999988,-0.01649999999999885,-0.03249999999999886
7.9645,-0.2919999999999998,0.08550000000000146,-0.6605000000000008
7.731375,-0.2400000000000002,0.254999999999999,0.11724999999999941
7.33875,-0.21600000000000108,0.0010000000000012221,-0.40000000000000036
6.959375,-0.17600000000000016,0.18599999999999994,0.002749999999999808
6.54575,-0.03700000000000081,0.10100000000000087,-0.40050000000000097
7.3785,-0.06899999999999906,-0.3985000000000003,1.0615000000000006
6.78725,-0.016000000000000014,-0.9464999999999995,-1.0875000000000004
5.662625,-0.08099999999999952,-0.49900000000000055,-0.19974999999999898
5.909375000000001,-0.07899999999999885,0.8729999999999993,-0.13924999999999965
5.63275,0.0519999999999996,0.5860000000000003,0.28000000000000025
6.86375,-0.0259999999999998,-0.0129999999999999,0.7424999999999997
8.18525,0.04499999999999993,-0.09299999999999997,0.7860000000000014
9.0265,-0.006000000000000227,-0.5005000000000006,-0.08249999999999957
8.51725,0.1330000000000009,-0.17650000000000077,-0.20650000000000013
8.152000000000001,0.1609999999999996,0.17850000000000055,0.09999999999999964
6.6455,0.06099999999999994,0.05400000000000027,-1.5895000000000001
5.680625,-0.06300000000000061,-0.174500000000001,0.13574999999999982
5.143750000000001,0.057000000000000384,-0.17549999999999955,-0.5034999999999998
4.86425,0.14499999999999957,-0.027000000000001023,0.3404999999999996
5.17525,0.054999999999999716,-0.0035000000000007248,0.15600000000000058
5.9905,0.11399999999999899,0.03300000000000036,0.3025000000000002
6.768375000000001,-0.018000000000000682,-0.35799999999999965,0.15524999999999967
7.463125,-0.1659999999999986,0.6735000000000007,0.504249999999999
8.050875000000001,-0.2469999999999999,0.38649999999999896,0.18725000000000058
6.940250000000001,-0.4060000000000006,-0.5050000000000008,-1.072
7.08775,-0.5229999999999997,-0.10799999999999876,0.32649999999999935
7.49425,-0.5960000000000001,-0.4040000000000008,-0.06700000000000017
8.512125000000001,-0.10199999999999942,0.15750000000000064,1.1332499999999985
11.245875,0.43100000000000005,0.15499999999999936,1.7297499999999992
14.747499999999999,0.4110000000000005,-0.19850000000000012,1.7844999999999995
13.5905,0.45999999999999996,-0.11549999999999905,-0.8099999999999987
11.668,0.1739999999999995,0.25649999999999906,-1.6240000000000006
12.974,0.021000000000000796,0.4609999999999994,2.4879999999999995
14.180250000000001,-0.009000000000000341,0.2060000000000004,-0.10250000000000092
12.924875,0.013999999999999346,0.3824999999999994,0.04925000000000068
14.748750000000001,-0.11400000000000077,0.2815000000000012,1.2065000000000001
17.752,-0.1819999999999986,0.09649999999999892,2.900500000000001
20.208624999999998,-0.25899999999999945,-0.21249999999999858,-0.8417500000000011
15.42875,-0.0730000000000004,-0.10799999999999699,-6.500000000000002
10.155875,-0.08800000000000008,-0.20500000000000185,-1.9677499999999988
10.0735,0.12899999999999956,0.08200000000000074,1.0600000000000005
12.075125,-0.010000000000000675,0.0470000000000006,0.0002500000000011937
10.194375,0.0519999999999996,-1.0295000000000005,-1.3537499999999998
8.313625,-0.04999999999999982,-0.5405000000000006,0.776250000000001
11.446000000000002,-0.10599999999999987,0.07450000000000045,1.6354999999999986
12.98575,-0.09100000000000019,-0.04400000000000048,-0.3224999999999998
12.456,-0.11500000000000021,-0.19099999999999895,-0.09249999999999936
12.24025,-0.0519999999999996,-0.27500000000000036,-0.6935000000000002
10.465375,-0.04300000000000015,0.05200000000000138,-0.9107500000000002
9.359375,0.027000000000000135,0.0420000000000007,-0.3412500000000023
9.949375,-0.001000000000000334,-0.11350000000000016,0.2807499999999994
9.9925,-0.05999999999999961,0.4004999999999992,0.15649999999999942
9.357875,0.15500000000000025,0.12549999999999883,-0.24725000000000108
8.31325,-0.0649999999999995,0.2734999999999994,-0.21600000000000108
7.6126249999999995,-0.2190000000000003,0.061500000000000554,-0.5657500000000004
6.719625,-0.0470000000000006,0.15399999999999991,-0.5822500000000002
6.171749999999999,0.30600000000000005,0.23100000000000076,-0.20900000000000052
5.709625,0.34500000000000064,0.16749999999999954,0.012749999999998707
6.491875,0.19200000000000017,0.14150000000000063,0.3897499999999994
6.806125,0.17100000000000115,0.11800000000000033,-0.4767499999999991
6.165,-0.45699999999999985,-0.5985000000000005,-0.43849999999999945
5.699375,-0.34699999999999953,0.0965000000000007,0.2262499999999994
6.435625,-0.2109999999999994,0.25,0.604750000000001
7.392125,-0.0810000000000004,0.11300000000000043,0.10325000000000006
7.954625,-0.17300000000000004,0.13349999999999973,0.38225
8.654,-0.14900000000000002,-0.04349999999999987,0.4795000000000016
8.761500000000002,0.07199999999999918,0.4560000000000004,-0.391
8.629999999999999,0.13900000000000023,0.5024999999999995,-0.07249999999999979
8.61975,0.12099999999999955,0.8300000000000001,-0.07699999999999818
7.509625,0.05900000000000016,0.9344999999999999,-0.6632500000000006
7.145625,-0.06400000000000006,1.0734999999999992,0.09024999999999928
6.520375,-0.08099999999999952,-0.7445000000000004,-0.7677500000000004
6.247999999999999,-0.12099999999999955,-0.7300000000000004,0.19099999999999984
6.343375,0.07599999999999962,-0.5660000000000007,-0.18325000000000102
5.96325,0.08499999999999996,-0.7479999999999976,1.1185
7.640874999999999,0.15800000000000036,-0.4939999999999998,0.69625
8.125375,0.20399999999999974,1.7150000000000016,-0.04374999999999929
8.353874999999999,0.2919999999999998,0.3680000000000021,0.18575000000000053
9.200000000000001,0.1120000000000001,-0.2289999999999992,0.21649999999999991
10.19725,0.08399999999999963,0.26099999999999923,-0.006000000000000227
10.143875000000001,0.1280000000000001,-0.4535,0.6317499999999985
10.2455,0.246999999999999,0.39200000000000124,-0.04749999999999943
9.422,0.1670000000000016,0.6720000000000006,0.47449999999999903
12.503499999999999,0.15600000000000058,0.17099999999999937,1.6334999999999997
13.910499999999999,0.11500000000000021,1.3354999999999997,0.1615000000000002
14.456375000000001,0.012000000000000455,1.015500000000003,0.631750000000002
15.617125,-0.04299999999999926,0.5499999999999972,0.24324999999999974
13.8285,-0.1379999999999999,-1.0334999999999965,-1.4349999999999987
11.550749999999999,-0.07699999999999996,-3.1975000000000016,-6.2414999999999985
13.3415,-0.057000000000000384,-1.1585,4.132999999999999
15.730375,-0.022999999999999687,-1.2934999999999999,-0.11374999999999957
16.389625,-0.16699999999999982,0.37100000000000044,0.5722500000000039
17.988,-0.030000000000001137,-0.48499999999999943,-0.010000000000001563
17.177500000000002,0.05599999999999916,1.6809999999999992,-0.2104999999999997
18.133000000000003,0.0009999999999994458,0.14699999999999847,1.2830000000000013
20.518125,0.0470000000000006,-0.35249999999999915,0.6522500000000022
18.126375,0.008000000000000007,-1.0045000000000002,-2.4252499999999984
13.271625,-0.09300000000000086,-0.9899999999999984,-4.062750000000001
8.617125,-0.27199999999999935,-0.36099999999999977,0.41075000000000017
15.23175,-0.12899999999999956,0.9754999999999985,1.1720000000000006
21.372,0.11100000000000065,0.6635000000000009,1.6690000000000005
18.616625,0.05600000000000005,0.8384999999999998,-2.4162500000000016
15.077124999999999,0.08900000000000041,-0.043000000000002814,-2.073750000000002
13.350999999999999,-0.125,-0.261000000000001,-0.5119999999999987
14.539,-0.13200000000000056,-0.09049999999999869,1.3739999999999988
12.449000000000002,-0.07200000000000006,0.067499999999999,-1.6560000000000006
11.876375,-0.2450000000000001,0.16400000000000148,-0.9572500000000002
8.50275,-0.020999999999999908,-0.47999999999999865,1.3840000000000003
11.733,-0.07800000000000029,-0.6555,0.7424999999999997
11.17025,0.20000000000000018,-0.38200000000000145,0.3725000000000005
11.61025,0.07699999999999996,-0.20800000000000018,-0.6600000000000001
10.938875,0.017000000000000348,-0.33150000000000013,0.03575000000000017
11.8505,0.02800000000000047,0.9939999999999998,0.12700000000000067
11.78225,-0.09299999999999997,-0.8895000000000017,-0.30849999999999866
10.9665,0.11399999999999988,0.15249999999999986,-0.10199999999999854
10.48475,0.2029999999999994,-0.15749999999999886,0.5999999999999979
11.2555,0.0829999999999993,-0.22699999999999854,0.18299999999999983
10.441125,0.04600000000000026,-0.27649999999999864,-1.0252499999999998
11.47925,0.08199999999999985,-0.5185000000000013,1.408999999999999
12.932625,0.20899999999999963,0.1465000000000014,-0.11224999999999952
13.06025,0.1280000000000001,-0.22599999999999998,0.4140000000000015
13.32975,-0.04300000000000015,-0.2004999999999999,-0.11500000000000021
12.867625,0.08199999999999985,-0.18649999999999967,0.2012500000000017
13.555499999999999,0.07000000000000028,-0.3049999999999997,0.2975000000000012
13.715499999999999,0.09899999999999931,-0.05550000000000033,0.04499999999999993
13.214875,0.1509999999999998,-0.1615000000000002,-0.36625000000000085
12.766375,0.14499999999999957,-0.03049999999999997,-0.7272499999999997
10.660125,0.05399999999999938,0.18600000000000083,-0.8567499999999999
8.951374999999999,0.051000000000000156,0.34299999999999997,-0.5612499999999994
7.770249999999999,0.05999999999999961,0.15649999999999942,-0.8459999999999992
6.262625,0.010999999999999233,-0.13600000000000012,-0.9732500000000002
4.014125,0.11700000000000088,0.013500000000000512,-1.1267499999999995
2.785875,0.10899999999999999,-0.34550000000000036,-0.16825
2.13975,-0.04600000000000026,0.08449999999999935,-1.45
0.5976250000000001,-0.46999999999999975,-0.13649999999999984,-0.30274999999999996
1.02175,0.19700000000000006,0.375,0.7184999999999998
1.4561250000000001,0.1589999999999998,0.11050000000000004,0.0462499999999999
1.442375,0.09299999999999997,0.44400000000000084,-0.18225000000000025
0.9555,0.07100000000000062,0.1200000000000001,-0.2520000000000001
0.7414999999999999,0.04899999999999949,0.17149999999999999,-0.07250000000000001
0.592625,0.09799999999999986,0.26900000000000013,-0.48125000000000007
1.6007500000000001,0.07900000000000063,0.22850000000000037,1.3810000000000002
1.7317500000000001,-0.17900000000000027,0.0495000000000001,-0.8915000000000002
2.312875,0.11400000000000077,0.21450000000000102,1.5722500000000001
3.714625,0.11500000000000021,-0.20500000000000007,0.4782499999999996
3.8975,0.351,0.062000000000001165,-1.0544999999999995
3.6446249999999996,0.270999999999999,0.11049999999999827,1.2752499999999998
6.998125,0.28999999999999915,-0.011499999999998067,1.3627500000000001
7.159000000000001,0.33399999999999963,0.07850000000000001,0.40550000000000086
8.75,0.4740000000000002,-0.1225000000000005,2.117
9.775500000000001,0.4209999999999994,-0.47750000000000004,-1.0570000000000004
5.490875,0.5800000000000001,-0.10100000000000087,1.2252500000000008
7.9548749999999995,0.23499999999999943,-0.08699999999999974,0.18674999999999997
5.697500000000001,0.32399999999999984,0.009500000000000064,-0.7889999999999997
7.338000000000001,-1.0779999999999976,-0.31049999999999933,1.4850000000000003
6.83575,1.2070000000000007,-0.34199999999999964,-0.843
7.3725000000000005,-0.7789999999999999,0.3210000000000006,2.0309999999999997
10.072000000000001,0.009000000000000341,-0.14100000000000001,-0.692499999999999
8.8165,-0.28500000000000014,0.06699999999999928,0.3855000000000004
7.747,-0.16300000000000026,-0.32150000000000034,-0.9954999999999998
8.083375,-0.11600000000000144,-0.6029999999999998,0.26025000000000187
7.468624999999999,-0.6440000000000001,0.238999999999999,-0.3702499999999995
5.83175,-0.24399999999999977,0.48849999999999927,-1.4245
3.441375,-0.28800000000000026,0.2370000000000001,-0.6857500000000001
1.663,0.6229999999999993,-0.0934999999999988,-0.32200000000000006
2.6174999999999997,0.9310000000000009,0.06099999999999994,1.3924999999999996
6.084375,0.22999999999999865,0.1330000000000009,1.5462499999999997
7.293374999999999,0.42600000000000016,0.1855000000000011,-0.5467500000000003
9.357000000000001,-0.23999999999999844,-0.07749999999999879,2.093
10.42725,0.06199999999999939,0.14449999999999896,0.4324999999999992
11.783875000000002,-0.2729999999999997,0.08250000000000135,0.23475000000000001
12.63825,-0.5890000000000004,-0.28049999999999997,0.24349999999999916
12.731000000000002,-0.41000000000000014,0.532,-0.15499999999999936
12.419625,-0.24499999999999922,0.38750000000000107,-0.09825000000000017
12.3275,0.14100000000000001,-0.5424999999999986,-0.37700000000000067
10.868125,0.3150000000000013,-0.03049999999999997,-0.7377500000000001
9.7605,0.2809999999999988,-0.5284999999999993,-0.4624999999999986
5.92825,0.43099999999999916,0.6445000000000007,-2.828000000000001
6.054625,0.359,1.0465000000000018,0.4762500000000003
5.77375,-0.18499999999999872,0.49350000000000094,-0.7845000000000004
5.555,0.3960000000000008,0.05150000000000077,0.8084999999999996
5.435625,1.0750000000000028,0.13149999999999906,-0.5347499999999998
4.725125,0.6930000000000014,0.1880000000000006,0.15775000000000006
3.71725,0.33800000000000097,0.40549999999999997,-0.8780000000000001
3.489375,0.32700000000000173,0.24600000000000044,0.06974999999999998
3.4154999999999998,0.5790000000000006,0.054499999999999105,0.121
1.332125,-1.9250000000000007,-0.9350000000000005,-1.8002500000000001
0.775125,0.2240000000000002,0.10899999999999999,0.3447500000000001
0.788125,0.005000000000002558,-0.49100000000000144,0.19525000000000003
0.83975,-9.548,1.6790000000000003,0.30600000000000005
2.580125,-0.6379999999999999,1.9550000000000018,1.46625
3.8945,0.511000000000001,0.8399999999999999,-0.31099999999999994
4.302875,-0.14300000000000068,0.13649999999999807,0.8317500000000004
7.8955,-0.968,0.058999999999999275,4.226
10.286874999999998,-0.3330000000000002,0.17800000000000082,-0.5937500000000018
8.505625,0.41499999999999915,0.5545000000000044,-0.8947499999999984
6.81775,-0.2240000000000002,0.5869999999999997,-0.8200000000000003
5.437125,-0.11400000000000077,-0.39399999999999835,-0.08024999999999949
5.715375,0.7860000000000014,-0.12950000000000017,0.10024999999999906
5.0013749999999995,0.5119999999999987,0.04549999999999699,-0.047249999999999126
5.168625,0.09299999999999997,0.29100000000000037,-0.3172499999999996
5.6365,0.15300000000000047,0.7889999999999979,0.33499999999999996
6.858874999999999,-0.08500000000000085,0.570999999999998,1.03625
8.001125,-0.2419999999999991,0.042500000000000426,-0.44725000000000037
8.613500000000002,-0.30900000000000105,-1.350999999999999,0.34500000000000064
6.19525,-0.2259999999999991,-0.9304999999999986,-1.2779999999999996
4.923875,-0.1869999999999994,-1.9399999999999995,0.13724999999999987
5.722875,-0.5329999999999995,-3.466499999999998,0.4682499999999994
5.653625,-0.3780000000000001,0.21950000000000003,0.07674999999999965
6.052625,0.07000000000000028,0.41699999999999804,0.22724999999999973
6.41725,0.30799999999999983,5.031500000000001,-0.005000000000000782
5.984875000000001,0.7009999999999987,-0.06150000000000233,-0.2862499999999999
6.2245,0.44099999999999895,1.9540000000000006,0.5099999999999998
5.938000000000001,0.38399999999999856,-0.8129999999999988,-0.42100000000000026
6.680624999999999,0.43100000000000094,-1.6394999999999982,0.1977500000000001
7.278125,0.3979999999999997,-0.0519999999999996,0.2662500000000012
6.556625,0.10299999999999976,-1.5649999999999995,-0.6877500000000003
5.280125,-0.07699999999999996,-0.27449999999999974,-0.42225
3.702125,-0.1999999999999993,0.21399999999999864,-1.1832500000000001
3.2188749999999997,-0.07800000000000118,-0.38200000000000145,-0.35624999999999973
1.907,-0.0730000000000004,-0.04499999999999993,-0.7164999999999999
1.009875,0.03599999999999959,-0.4060000000000006,-0.08924999999999994
2.9589999999999996,-0.09800000000000075,-0.9879999999999995,1.2120000000000002
3.516125,-0.03500000000000014,0.39199999999999946,0.6157500000000002
7.31575,0.06999999999999851,0.11099999999999888,2.3095000000000017
8.881625,-0.04400000000000048,-1.317499999999999,0.04374999999999929
8.531624999999998,-0.6310000000000002,-1.2015000000000002,0.322750000000001
8.413375,-0.04699999999999882,2.600500000000001,-0.3727499999999999
8.195,-0.33899999999999864,0.03249999999999886,-0.2154999999999987
7.60375,-0.28800000000000026,0.11149999999999949,-0.3384999999999998
6.8927499999999995,-0.18599999999999994,-0.49599999999999866,-0.3645000000000005
6.96825,-0.0840000000000014,0.5660000000000025,0.2234999999999996
6.6118749999999995,-0.15399999999999991,-0.09450000000000003,-0.1592500000000001
6.277125,-0.05799999999999983,-0.42650000000000077,1.4342499999999996
6.686125,-0.09299999999999997,-0.15800000000000125,-1.6247500000000006
7.10525,-0.09799999999999898,0.3254999999999981,0.006000000000000227
7.4041250000000005,0.3620000000000001,0.28000000000000114,0.16525000000000034
6.58825,0.5739999999999998,-0.038999999999997925,-0.7594999999999992
4.764,-0.5830000000000002,0.019000000000000128,-1.0619999999999994
4.93125,0.03599999999999959,-0.4579999999999984,2.028500000000001
6.25825,0.02800000000000047,-0.28800000000000026,-0.08249999999999957
6.63825,0.1070000000000011,0.34500000000000064,1.1349999999999998
6.804125,0.057000000000000384,-0.5664999999999996,-0.9417500000000008
6.366125,-0.09999999999999964,0.8244999999999987,-0.09525000000000095
6.304875,-0.1639999999999997,0.14199999999999946,0.2787500000000005
6.3895,-0.07000000000000028,-0.4529999999999994,-0.5049999999999999
5.555125,-0.0009999999999994458,-0.0835000000000008,-0.31625000000000014
6.30475,-0.2259999999999991,-0.35799999999999876,1.0670000000000002
9.085875,-0.13700000000000045,0.7415000000000003,1.2822500000000012
10.02875,-0.2900000000000009,0.1974999999999998,0.0224999999999973
9.5365,0.20599999999999952,0.41849999999999987,0.19849999999999923
10.768,-0.11300000000000132,-0.30100000000000016,0.7640000000000011
12.1735,-0.1269999999999989,0.18950000000000067,1.0820000000000007
12.16975,-0.125,0.301499999999999,-1.575000000000001
14.924875,-0.1979999999999995,-0.14949999999999974,1.9682499999999994
16.35125,-0.04100000000000037,-0.18849999999999945,-0.2309999999999981
15.795625000000001,-0.08999999999999986,-0.23100000000000165,-0.5287500000000023
17.441125,-0.133,0.2574999999999985,0.40474999999999994
16.6355,-0.1819999999999995,0.1974999999999998,0.24750000000000227
17.303375000000003,-0.10400000000000009,-0.04949999999999832,-0.3142499999999977
17.86325,0.09199999999999964,0.15700000000000003,0.6124999999999972
17.539250000000003,-0.10699999999999932,0.018000000000000682,-0.2289999999999992
17.45525,-0.006000000000000227,-0.33000000000000007,-0.45349999999999824
16.43375,-0.18300000000000072,0.3185000000000002,0.3535000000000039
17.3345,-0.05900000000000016,-0.5650000000000013,0.9014999999999986
17.820999999999998,-0.014000000000000234,-0.6044999999999998,0.5214999999999996
17.229625,0.011999999999999567,-0.5619999999999994,-0.6872500000000024
15.7645,0.15000000000000036,-0.38149999999999906,-0.8625000000000007
14.809875,0.1689999999999996,-0.4930000000000021,-0.6712500000000006
14.170124999999999,0.1689999999999996,-0.1684999999999981,-0.03274999999999828
14.051,-0.0030000000000001137,-0.4425000000000008,0.2104999999999997
13.975375,0.17600000000000016,-0.34249999999999936,0.09924999999999962
13.263625,0.11299999999999955,-0.34450000000000003,-0.7002500000000005
12.26175,-0.22299999999999986,-0.5730000000000004,-0.35850000000000115
11.558625,-0.15799999999999947,-0.5980000000000008,-0.2507500000000018
11.360125,0.18899999999999917,-0.4464999999999999,0.042749999999999844
10.423124999999999,0.005999999999999339,-0.5999999999999996,-0.4582499999999996
9.497250000000001,0.058999999999999275,-0.21549999999999958,-0.12200000000000166
11.0045,0.22100000000000009,-0.1485000000000003,0.5829999999999984
10.942125,-0.10199999999999942,-0.3664999999999998,-1.3777500000000007
8.964500000000001,-0.07100000000000062,-0.18799999999999994,-0.5705000000000009
9.754875,-0.1459999999999999,-0.08850000000000002,-0.01425000000000054
10.182625,0.25399999999999956,0.42100000000000004,-0.07075000000000031
9.966375,0.05799999999999983,0.2230000000000001,0.09274999999999878
10.107,0.05999999999999961,0.016999999999999904,0.25299999999999834
11.799375000000001,0.04300000000000015,-0.01949999999999985,1.1567500000000006
12.089749999999999,0.2959999999999994,0.049000000000000155,-0.3379999999999992
11.375875,0.19399999999999995,-0.1585000000000003,-0.800749999999999
9.510375,0.16500000000000004,-0.09000000000000008,-0.4887499999999978
10.704500000000001,-0.0730000000000004,-0.15999999999999992,0.2134999999999998
11.482499999999998,0.03000000000000025,0.08150000000000002,0.8970000000000002
10.25225,0.03699999999999992,-0.0675,-0.2289999999999992
12.880625000000002,0.15200000000000014,0.09050000000000002,1.8782499999999995
15.575,0.10199999999999942,-0.4139999999999999,0.8374999999999986
17.858125,0.12900000000000045,0.6915,0.8072499999999998
19.07475,0.0259999999999998,0.4035000000000002,-0.18349999999999866
18.4295,0.022999999999999687,-0.2360000000000002,1.0500000000000043
18.558125,0.062000000000001165,-0.3540000000000001,0.7297500000000028
18.7685,0.22299999999999898,0.4525000000000001,-0.3339999999999961
17.393749999999997,-0.002000000000000668,0.6469999999999998,-1.1870000000000012
16.2755,0.05900000000000105,-0.18000000000000016,-0.8865000000000016
15.944249999999998,-0.23900000000000077,0.8274999999999997,0.7330000000000005
16.62075,-0.0019999999999988916,-0.7214999999999998,0.8900000000000006
15.781875000000001,-0.016000000000000014,-0.4865000000000004,-1.3597500000000018
17.448375,0.06600000000000072,0.22999999999999998,0.46125000000000327
16.721249999999998,0.011000000000001009,0.9935,-0.8445
17.1875,-0.0909999999999993,0.7155000000000005,0.7240000000000038
17.3455,0.03599999999999959,0.19500000000000028,-0.03900000000000148
16.897875,-0.0039999999999995595,-0.24649999999999928,-0.8567500000000052
14.568375,0.08099999999999952,0.4295,-0.8287499999999994
13.168,-0.11499999999999844,0.15000000000000036,-0.7235000000000014
12.3675,-0.007999999999999119,1.6020000000000003,0.11099999999999888
14.25025,-0.5360000000000005,-0.5670000000000002,1.2594999999999992
15.754999999999999,-0.1869999999999994,-0.5499999999999989,-0.30850000000000044
13.767625,-0.3850000000000007,-2.0925000000000002,-2.1432499999999983
11.229625,0.0829999999999993,2.024,-0.7002500000000005
10.0075,-0.1280000000000001,0.07899999999999974,-0.11249999999999716
8.72775,0.04600000000000026,-0.5605000000000002,-0.900500000000001
7.077875000000001,0.0519999999999996,-1.6160000000000005,-0.8912500000000003
6.186249999999999,-0.0009999999999994458,1.069,-0.33399999999999874
6.28625,-0.11100000000000065,0.0129999999999999,0.2705000000000002
8.098625000000002,-0.17799999999999994,0.2969999999999988,1.200750000000001
9.42225,-0.25900000000000034,-0.7054999999999989,0.565999999999999
9.79925,-0.055000000000000604,-0.14449999999999896,-1.3689999999999998
9.368625,0.12199999999999989,0.766,0.31824999999999903
9.421375,0.11600000000000055,1.0469999999999997,-0.4322499999999998
7.008375,-0.08400000000000052,0.7124999999999986,-0.9562500000000007
6.265874999999999,-0.017999999999999794,-1.0714999999999986,-1.8777499999999998
1.581875,0.13099999999999934,0.20050000000000168,-1.11375
0.654625,-0.0129999999999999,0.14250000000000185,0.4332499999999999
4.31,-0.1070000000000002,-0.8055000000000003,3.032
9.477875000000001,-0.1559999999999997,0.2884999999999991,0.3807500000000008
9.156125,-0.28500000000000014,0.45950000000000024,-0.47075000000000067
8.135375,0.07699999999999996,-0.038000000000000256,-0.34775000000000045
7.554,0.476,-0.4215,-0.06649999999999867
7.2071250000000004,0.05999999999999961,-0.15399999999999991,-0.67225
6.04875,0.2809999999999997,-0.7290000000000001,-0.6750000000000007
5.307125,0.2240000000000002,-0.7869999999999999,0.6162500000000009
6.2318750000000005,0.13700000000000045,-0.5084999999999997,-0.7657499999999997
4.837,0.05699999999999861,-0.13999999999999968,-0.7850000000000001
4.483125,-0.017999999999998906,-0.7010000000000001,0.39374999999999893
6.803125,-0.051000000000000156,0.07699999999999996,1.9792499999999995
9.562874999999998,0.034000000000000696,0.49849999999999994,1.1902500000000007
11.687875,0.02400000000000091,0.8735000000000004,1.2142499999999998
13.119375,0.054999999999999716,0.884500000000001,-0.18674999999999997
11.642875,0.07500000000000107,0.8290000000000006,-0.48075000000000045
10.6815,-0.03200000000000003,0.014499999999999957,-0.3644999999999996
12.743500000000001,0.2789999999999999,-0.07899999999999974,1.0845000000000002
12.954,-0.21300000000000097,1.0709999999999997,-0.15899999999999892
15.208125,-0.266,0.8499999999999996,1.2987500000000018
16.38875,-0.012000000000000455,-0.2480000000000011,-0.2624999999999993
15.881625,0.29100000000000037,0.8140000000000001,-0.038750000000000284
15.786999999999999,0.14400000000000013,-0.16600000000000037,-0.4435000000000002
14.739875000000001,0.01699999999999946,0.3525000000000009,-0.7572499999999973
13.840875,0.16300000000000026,0.05299999999999905,-0.23375000000000057
13.546125,-0.3780000000000001,0.4869999999999983,-0.17175000000000118
13.486500000000001,-0.02999999999999936,-0.31599999999999895,0.038000000000000256
12.203625,0.32399999999999984,0.08799999999999919,-1.1152499999999996
11.720624999999998,0.06800000000000139,-0.0694999999999979,0.8122500000000006
12.900375,0.11099999999999888,0.04899999999999949,0.6702499999999976
11.43225,-0.28699999999999903,0.028000000000002245,-1.1144999999999996
12.049875,-0.06199999999999939,-0.5379999999999985,0.7127499999999998
13.773625,0.2940000000000005,-0.31099999999999994,0.35174999999999734
14.432749999999999,-0.245000000000001,-0.20349999999999824,-0.29900000000000126
13.680625,-0.48600000000000065,-0.3655000000000008,0.0012499999999988631
13.693,-0.0030000000000001137,-0.11750000000000149,0.272000000000002
11.832625,0.31400000000000006,-1.9885000000000002,-1.7822499999999994
10.286,0.40300000000000047,-0.20650000000000013,1.2059999999999995
12.027750000000001,0.5989999999999984,1.1099999999999994,1.1039999999999992
13.005625,0.5039999999999996,0.08950000000000014,-0.6062499999999993
11.602625,0.27699999999999925,-0.3689999999999998,0.5257500000000004
12.743875,0.2519999999999989,-0.4169999999999998,-1.01675
10.162374999999999,0.0039999999999995595,0.2084999999999999,-1.9712500000000013
7.5607500000000005,0.0389999999999997,0.2245000000000008,-0.1404999999999994
8.786375,0.053000000000000824,-0.4119999999999999,0.62425
7.232125,0.016000000000000014,-0.18050000000000033,-1.4842499999999994
7.000875000000001,0.03300000000000125,-0.1745000000000001,0.3672499999999994
9.281875,0.2010000000000005,0.030999999999999694,0.7322500000000005
9.61025,0.14100000000000001,-0.6655000000000006,-0.3584999999999994
9.13925,0.2919999999999998,-0.05150000000000032,-0.21600000000000108
7.186,0.16300000000000026,0.20099999999999962,-0.8845000000000001
5.3412500000000005,0.14700000000000024,-0.00649999999999995,-0.7774999999999999
4.315125,-0.07500000000000107,-0.13399999999999945,-0.50075
4.258125,0.18799999999999883,0.08699999999999974,0.5122499999999999
4.646125,-0.770999999999999,-1.4885000000000002,0.18274999999999952
3.800375,-0.5410000000000004,-0.29,-0.9957499999999992
3.09075,-0.7530000000000001,0.3204999999999999,0.5030000000000001
4.140875,0.8189999999999991,-0.10199999999999987,0.07624999999999993
4.299125,0.48799999999999955,0.16500000000000004,0.11674999999999969
4.458375,-2.6639999999999997,-0.20350000000000001,0.68675
6.2482500000000005,-0.4769999999999994,0.10749999999999993,-0.10799999999999965
5.86925,1.116999999999999,0.29049999999999987,-0.04750000000000121
6.2509999999999994,0.24499999999999922,0.79,0.2649999999999997
5.617375,2.013,0.6665000000000001,-0.550749999999999
4.979375,0.9380000000000006,-0.0129999999999999,-0.12124999999999986
5.305625,-0.08399999999999963,-0.10299999999999976,0.3907499999999988
4.99175,-0.02800000000000047,0.08700000000000019,-0.9559999999999995
2.6745,-0.07099999999999973,0.3644999999999996,-0.9910000000000001
0.986125,0.18400000000000105,0.9640000000000004,-0.2457499999999999
0.604875,0.06199999999999939,1.163999999999998,0.15275000000000005
1.34525,0.27699999999999925,-0.17350000000000065,0.5960000000000001
1.847125,-0.015000000000000568,-0.604000000000001,0.08174999999999999
2.162875,0.2270000000000003,-0.42499999999999893,0.38175000000000026
3.261125,0.38599999999999923,-0.2864999999999984,-0.1812499999999999
2.63775,0.29299999999999926,-0.24249999999999972,-0.5264999999999995
2.715375,0.3410000000000011,-0.6615000000000002,0.7947500000000001
3.3255,-0.054000000000002046,-0.09049999999999958,-0.20500000000000007
3.8591249999999997,0.05799999999999983,0.1999999999999993,0.9757499999999997
5.82575,-0.23499999999999943,-0.21050000000000058,0.9195000000000011
6.6838750000000005,0.03399999999999892,0.1540000000000008,0.11124999999999918
7.152125,-0.2410000000000032,-0.44599999999999973,0.4122500000000002
4.93025,-0.1059999999999981,0.44950000000000045,-2.1515000000000004
3.3676250000000003,0.08400000000000318,-0.1324999999999994,-0.8977499999999998
2.88075,0.30400000000000205,-0.006000000000000227,0.7189999999999999
4.004250000000001,0.41000000000000014,0.2110000000000003,0.681
5.801375,0.3960000000000008,0.26200000000000045,1.09525
6.8302499999999995,0.3049999999999997,0.1355000000000004,-0.11249999999999982
7.251125,0.33500000000000085,-0.22300000000000075,0.20874999999999932
7.567500000000001,0.12199999999999989,0.15850000000000009,-0.1175000000000006
7.061,0.13100000000000023,-0.07099999999999973,-0.6310000000000002
6.988875,-0.3809999999999967,0.13599999999999923,0.7617499999999993
7.859375,-0.6129999999999995,-0.40000000000000036,-0.7477499999999999
9.494875,-0.9659999999999975,-0.6214999999999993,0.46074999999999733
9.6555,-0.15899999999999892,-0.5164999999999997,-0.31649999999999956
10.286,-0.045999999999999375,-0.05649999999999977,0.047999999999998266
11.512875,-1.9160000000000004,0.19600000000000062,1.3312500000000007
12.948125000000001,-1.5169999999999995,0.16849999999999987,0.6502499999999998
13.349,-0.22000000000000064,-0.03700000000000081,0.27200000000000024
13.834000000000001,-0.3879999999999999,-0.14550000000000018,0.2759999999999998
14.63625,0.8030000000000008,0.1769999999999996,0.6259999999999977
12.58425,0.13399999999999856,0.08800000000000097,-1.391
11.015125000000001,5.504,0.10749999999999993,-0.06825000000000081
11.201249999999998,1.83,0.1405000000000003,0.26349999999999874
10.765125,2.1809999999999974,-0.0034999999999998366,-0.23625000000000185
8.887625,-2.135,-0.1900000000000004,-1.1712500000000006
8.817375,0.5540000000000003,-0.09149999999999991,1.0037500000000001
10.894,1.2850000000000001,0.42900000000000027,0.7669999999999995
11.30375,1.538999999999998,0.38899999999999935,-0.3330000000000002
10.72925,-0.17800000000000082,-0.35800000000000054,-0.5350000000000001
9.582625,-0.8079999999999998,0.359,-0.37875000000000014
8.87175,-0.5850000000000009,0.37849999999999984,-0.22199999999999775
9.491625,-1.2020000000000017,0.16999999999999993,0.8162500000000001
10.39875,0.06499999999999773,0.08099999999999952,0.44899999999999984
11.019,0.07900000000000063,-0.0804999999999998,0.5884999999999998
11.06925,-1.2010000000000005,-0.11099999999999888,-0.7984999999999989
10.438500000000001,-0.9669999999999987,-0.5794999999999995,0.5330000000000013
11.9695,-0.19899999999999984,-0.10050000000000026,0.628499999999999
10.8555,-0.08000000000000007,-0.35299999999999976,-1.2959999999999994
10.73425,-0.1559999999999988,-0.29049999999999976,1.2150000000000016
12.883,-0.002000000000000668,-1.2190000000000003,0.15300000000000047
13.421,-0.2159999999999993,1.255,0.12449999999999939
14.671875,-0.08999999999999986,-0.48750000000000027,0.6432500000000001
15.203249999999999,1.0549999999999997,-0.3334999999999999,-1.0779999999999994
14.315625,-0.0649999999999995,-0.2885,0.5522500000000008
15.8165,0.5760000000000005,-0.2320000000000002,1.7744999999999997
18.454625,-0.6859999999999999,0.4265000000000001,0.9797499999999957
16.807750000000002,-0.6699999999999999,0.7890000000000001,-1.780000000000003
16.60725,-0.7260000000000009,0.2079999999999993,2.1984999999999992
21.0665,-0.32399999999999984,-0.2764999999999995,-0.1769999999999996
19.669625,0.5099999999999998,0.819,-0.47025000000000006
17.49325,0.028999999999999915,1.4989999999999997,-0.7815000000000012
16.64975,0.049000000000001265,0.10699999999999932,-0.7929999999999993
15.89325,-0.4529999999999994,0.015499999999999403,0.7099999999999973
16.919625,-1.1180000000000003,-0.11400000000000077,0.29374999999999574
17.795,-0.9390000000000001,-0.09350000000000058,-0.6710000000000029
16.625500000000002,-0.1639999999999997,0.1509999999999998,-0.34450000000000003
17.09825,0.9670000000000005,-0.22449999999999903,0.8889999999999958
18.813000000000002,1.1639999999999997,-0.03999999999999915,0.5310000000000024
18.805875,-0.02099999999999902,0.04249999999999865,-0.04025000000000034
19.539625,0.23000000000000043,-0.18549999999999933,0.030249999999998778
19.577624999999998,0.29900000000000126,-0.13400000000000034,-0.504249999999999
18.939500000000002,-0.19200000000000017,-0.17099999999999937,0.3769999999999989
18.436750000000004,-0.613999999999999,-0.2140000000000004,-0.46149999999999736
17.835375,0.0519999999999996,-0.05600000000000005,-0.2102499999999985
16.512125,0.23099999999999987,0.10699999999999932,-1.15475
15.706,0.17300000000000004,-0.5640000000000001,0.4725000000000019
16.685875,0.0810000000000013,-0.03200000000000003,0.03625000000000256
13.93275,-0.1120000000000001,-0.23050000000000015,-1.3829999999999991
13.039625,-0.2889999999999997,-0.3359999999999994,1.6822499999999998
14.400625,-0.129999999999999,0.948500000000001,0.0677500000000002
13.869250000000001,-0.015999999999998238,-1.126999999999999,-0.5265000000000004
13.073250000000002,-0.16999999999999993,-0.8065000000000007,-0.7514999999999983
11.455875,0.0779999999999994,0.4604999999999997,-0.9277499999999996
8.866,0.24900000000000055,0.13149999999999906,-1.3930000000000007
8.039875,0.27800000000000047,0.19900000000000073,-0.42625000000000046
7.591125,0.09999999999999964,-0.15549999999999908,-0.11125000000000007
8.353000000000002,-0.0909999999999993,-0.35299999999999976,0.7230000000000008
8.969125,0.032999999999999474,-0.48299999999999965,-0.5217500000000008
7.814875,0.05600000000000094,-0.48099999999999987,-0.8312499999999989
6.3652500000000005,0.012000000000000455,-0.6740000000000004,-0.5050000000000008
4.62025,-0.12199999999999989,0.6059999999999999,-0.9675000000000002
3.89375,-0.3899999999999988,0.8609999999999998,0.21550000000000002
5.287,0.09700000000000131,-0.23000000000000043,1.0124999999999993
4.875,-0.16499999999999915,-0.2789999999999999,-0.5249999999999995
5.697125,-0.3019999999999996,0.7655000000000003,0.67875
6.97225,0.6560000000000006,0.621500000000001,0.5069999999999997
7.3622499999999995,-0.5960000000000001,-0.6950000000000003,0.26500000000000057
7.26125,0.009000000000000341,0.02150000000000052,0.3625000000000007
8.055625000000001,0.4450000000000003,-0.2835000000000001,0.1407500000000006
6.543125,0.13000000000000078,0.016000000000000014,-1.2542499999999999
5.80925,-0.07000000000000028,0.006000000000000227,0.9975000000000005
6.359624999999999,0.0860000000000003,0.2764999999999995,-0.4247499999999995
5.365375,0.31099999999999994,-0.14400000000000013,0.05675000000000008
6.852375,-0.2270000000000003,-0.3460000000000001,1.44775
8.68425,0.053000000000000824,-0.3045,0.16750000000000043
8.767375000000001,-0.24600000000000044,0.08000000000000096,-0.4242500000000007
8.129249999999999,-0.4969999999999999,0.35350000000000037,-0.49099999999999966
8.62975,0.29300000000000104,0.5305,0.6374999999999993
8.765875000000001,0.28999999999999915,0.9524999999999988,0.1567500000000006
9.291249999999998,0.5289999999999999,0.21499999999999986,0.27399999999999913
,0.3699999999999992,0.15799999999999947,
,0.009000000000000341,-0.24099999999999966,
,0.25900000000000034,0.1894999999999989,
,0.15799999999999947,0.007500000000000284,
,-0.18599999999999994,0.8420000000000005,
,-0.09800000000000075,0.03500000000000014,
,0.11899999999999977,0.41600000000000037,
,0.016000000000000014,0.30299999999999905,
,0.11299999999999955,0.42650000000000077,
,0.19799999999999862,-0.11350000000000016,
,-0.120000000000001,2.0055000000000014,
,0.054999999999999716,-0.032999999999999474,
,-0.0730000000000004,0.3844999999999992,
,-0.09399999999999942,-0.677500000000002,
,-0.13100000000000023,0.36600000000000144,
,-0.07699999999999996,0.8004999999999995,
,0.15499999999999936,0.5414999999999992,
,0.1479999999999997,-0.6649999999999991,
,0.03999999999999915,-0.05450000000000088,
,-0.1509999999999998,0.22050000000000125,
,0.13399999999999856,-0.10900000000000176,
,-0.11900000000000155,0.21749999999999758,
,0.19899999999999984,0.4800000000000004,
,-0.12100000000000044,0.4800000000000004,
,0.18399999999999928,-0.033500000000000085,
,-0.08000000000000007,-0.41350000000000264,
,-0.2699999999999996,0.4299999999999997,
,-0.29999999999999893,-0.490000000000002,
,0.0649999999999995,-0.5960000000000001,
,0.25200000000000067,-0.2660000000000018,
,-0.14700000000000024,0.8495000000000026,
,-0.22299999999999898,0.5824999999999996,
,-0.045999999999999375,0.2715000000000032,
,-0.34699999999999953,-0.5184999999999995,
,-0.45700000000000074,-0.2134999999999998,
,-0.1349999999999998,-0.16499999999999915,
,-0.23099999999999987,-0.649499999999998,
,-0.19399999999999906,-0.0705000000000009,
,-0.3309999999999995,-0.23900000000000077,
,-0.14100000000000001,-0.4845000000000006,
,-0.0600000000000005,0.16999999999999993,
,-0.11500000000000021,-0.12849999999999895,
,-0.09699999999999953,-0.022500000000000853,
,-0.31399999999999917,-0.03750000000000142,
,-0.16100000000000048,0.06550000000000011,
,-0.1739999999999995,0.0470000000000006,
,-0.11899999999999977,-0.32750000000000057,
,-0.22000000000000064,-0.2909999999999986,
,-0.31099999999999994,-0.2699999999999996,
,-0.20900000000000052,-0.1880000000000006,
,-0.34500000000000064,-0.2060000000000013,
,-0.28300000000000036,-0.07949999999999946,
,-0.30600000000000005,-0.002500000000001279,
,-0.129,-0.018000000000000682,
,-0.18799999999999972,-0.39149999999999885,
,-0.2520000000000002,-0.32699999999999996,
,-0.5110000000000001,-0.4095000000000013,
,-0.029999999999999805,0.6374999999999993,
,0.22599999999999998,0.45000000000000107,
,-0.4309999999999996,0.4139999999999997,
,-0.34599999999999986,0.18200000000000216,
,-0.20300000000000007,-1.9785000000000004,
,-0.22399999999999998,-0.19849999999999923,
,0.018000000000000016,-0.14050000000000118,
,-0.12900000000000006,0.5499999999999989,
,-0.006000000000000005,-0.3094999999999999,
,0.08200000000000002,0.3119999999999976,
,0.24,-0.27750000000000163,
,0.19900000000000007,0.03200000000000003,
,0.03699999999999992,0.17650000000000077,
,-0.02100000000000013,-0.09299999999999997,
,0.01100000000000012,-0.10899999999999999,
,-0.010000000000000009,0.9769999999999985,
,0.04300000000000015,0.2925000000000004,
,0.02200000000000002,-0.3755000000000006,
,0.0,-0.12049999999999983,
,-0.11699999999999999,-0.20449999999999946,
,-0.018000000000000016,-0.9290000000000003,
,-0.121,0.03749999999999787,
,-0.027000000000000135,0.27399999999999913,
,-0.139,0.4945000000000004,
,-0.04300000000000004,-0.005499999999999616,
,0.05600000000000005,0.27800000000000047,
,0.016999999999999904,-0.12099999999999866,
,-0.08200000000000007,-0.7745000000000015,
,0.027000000000000024,-0.2475000000000005,
,0.09399999999999997,1.0609999999999982,
,-0.01100000000000001,0.3384999999999998,
,-0.25799999999999995,0.1955000000000009,
,-0.184,1.3274999999999988,
,0.6910000000000001,0.27300000000000324,
,0.17600000000000016,1.4904999999999973,
,0.5069999999999999,2.8170000000000037,
,0.09200000000000008,-1.4840000000000018,
,-0.133,0.07700000000000173,
,-0.30700000000000016,-0.5539999999999985,
,-0.32200000000000006,-1.7865000000000038,
,-0.05600000000000005,-0.08899999999999864,
,0.16699999999999982,0.6960000000000015,
,0.4019999999999999,-0.2309999999999981,
,0.5569999999999999,-0.5375000000000014,
,0.09100000000000019,-0.42350000000000065,
,0.06700000000000017,0.07250000000000156,
,-0.18299999999999983,-0.45949999999999847,
,0.258,-0.4034999999999993,
,0.5170000000000003,-0.13650000000000162,
,-0.2569999999999997,-0.17249999999999943,
,-0.31400000000000006,0.8735000000000035,
,-0.2150000000000003,-0.9134999999999991,
,-0.18199999999999994,0.17499999999999893,
,-0.04999999999999982,0.5694999999999979,
,0.24799999999999978,-0.11400000000000077,
,0.38500000000000023,-0.7319999999999993,
,0.6139999999999999,0.3760000000000012,
,0.5260000000000007,0.10099999999999909,
,0.27700000000000014,0.34199999999999875,
,0.6099999999999994,-0.2870000000000026,
,-0.4239999999999995,-0.004999999999999005,
,-0.13900000000000023,-0.1095000000000006,
,0.08399999999999963,-0.6369999999999969,
,0.31400000000000006,-0.45450000000000124,
,0.1509999999999998,-0.6330000000000009,
,-0.11500000000000021,-0.23550000000000182,
,0.32899999999999974,-0.35550000000000104,
,1.0030000000000001,0.023999999999999133,
,0.5589999999999993,0.1620000000000026,
,-0.3550000000000004,0.6599999999999984,
,-0.8870000000000005,0.9779999999999998,
,-0.04800000000000004,0.26550000000000296,
,-0.6539999999999999,-0.35350000000000037,
,-1.755,-0.7984999999999989,
,-0.5920000000000001,-0.8139999999999983,
,2.205,-0.13349999999999973,
,-0.18299999999999983,-0.37299999999999933,
,0.47199999999999953,-0.12449999999999939,
,-0.13199999999999967,-0.3124999999999982,
,0.3309999999999995,-0.5360000000000014,
,-0.5280000000000005,-0.31400000000000006,
,-0.6239999999999997,-0.2699999999999996,
,-0.4559999999999995,-0.3514999999999997,
,0.10899999999999999,-0.007499999999999396,
,0.6469999999999994,-0.39250000000000007,
,0.27000000000000046,0.5869999999999997,
,0.33000000000000007,-0.006000000000000227,
,0.6980000000000004,0.6064999999999996,
,-0.20399999999999885,0.6800000000000015,
,-0.3280000000000003,0.10249999999999915,
,-0.38900000000000023,0.5985000000000014,
,-0.1849999999999996,-0.07950000000000124,
,-0.05999999999999961,-0.8684999999999992,
,-0.014000000000000234,0.2789999999999999,
,0.5460000000000003,-0.3634999999999984,
,0.5950000000000006,0.0,
,0.5090000000000003,-0.7115000000000009,
,0.5980000000000008,-0.9079999999999995,
,0.0010000000000012221,0.18249999999999922,
,-0.45700000000000074,-0.1014999999999997,
,-0.5099999999999998,-1.8829999999999991,
,-0.19899999999999984,-0.7385000000000002,
,0.17999999999999972,-0.611,
,0.11800000000000033,0.10500000000000004,
,0.049000000000001265,0.2064999999999999,
,-0.5409999999999986,1.6880000000000002,
,-0.48600000000000065,1.7780000000000005,
,-0.4119999999999999,1.129999999999999,
,0.16100000000000048,-0.2524999999999995,
,0.3769999999999998,-0.2209999999999983,
,0.09799999999999898,-0.2444999999999986,
,0.0129999999999999,-0.17950000000000088,
,-0.031000000000000583,-0.2840000000000007,
,-0.27700000000000014,-0.17250000000000032,
,-0.17599999999999927,-0.06349999999999945,
,-0.08099999999999952,-0.0625,
,0.0009999999999994458,-0.3210000000000006,
,-0.3290000000000006,-0.2885,
,-0.27699999999999925,-0.3365,
,-0.40000000000000036,-0.39899999999999913,
,-0.33999999999999986,0.9124999999999996,
,-0.3450000000000002,0.05749999999999922,
,-0.22199999999999998,0.06299999999999972,
,-0.11299999999999999,-0.31400000000000006,
,-0.15700000000000003,-0.03500000000000014,
,-0.5750000000000002,0.01949999999999985,
,-0.17300000000000004,0.03500000000000014,
,0.133,0.9719999999999995,
,-0.06899999999999995,0.3844999999999992,
,0.24,1.2424999999999997,
,0.29300000000000015,0.31200000000000117,
,0.3839999999999999,0.5184999999999995,
,0.4950000000000001,0.6159999999999997,
,0.5519999999999996,0.3504999999999985,
,0.31899999999999995,-0.36299999999999955,
,0.4159999999999995,-0.6535000000000011,
,0.3380000000000001,-0.17600000000000193,
,0.11899999999999977,-0.26750000000000007,
,-0.15399999999999991,0.08950000000000102,
,-0.23899999999999988,1.2134999999999998,
,0.0730000000000004,0.08050000000000068,
,0.8260000000000005,-0.6899999999999977,
,0.6460000000000008,0.6839999999999993,
,0.11500000000000021,0.7235000000000014,
,0.3230000000000004,0.6370000000000022,
,-0.3420000000000005,-0.0730000000000004,
,0.1120000000000001,-0.2309999999999981,
,0.01699999999999946,-0.15200000000000102,
,0.4689999999999994,0.176499999999999,
,0.07500000000000107,-0.15649999999999942,
,-0.057000000000000384,-0.18750000000000178,
,-0.019999999999999574,-0.28800000000000026,
,0.270999999999999,-0.30350000000000144,
,0.15200000000000102,-0.16350000000000087,
,-0.12599999999999945,-0.0779999999999994,
,0.17900000000000027,-0.09999999999999787,
,0.29499999999999993,-0.05949999999999811,
,-0.23099999999999987,0.04800000000000004,
,-0.12899999999999956,-0.023999999999999133,
,0.08099999999999952,-0.6944999999999997,
,-0.028999999999999915,-0.3719999999999999,
,-0.14899999999999913,0.17099999999999937,
,0.03599999999999959,1.2424999999999997,
,0.021999999999998465,1.6275000000000013,
,-0.013999999999999346,-0.7829999999999995,
,0.06799999999999962,-0.6730000000000018,
,0.08799999999999919,0.3309999999999995,
,-0.23000000000000043,0.43200000000000216,
,-0.2900000000000009,0.508499999999998,
,-0.11700000000000088,0.2234999999999996,
,-0.2890000000000015,0.41000000000000014,
,-0.15000000000000036,0.12549999999999883,
,-0.13900000000000112,-0.16249999999999964,
,-0.06099999999999994,-0.3149999999999995,
,-0.2240000000000002,0.03149999999999942,
,-0.07599999999999874,-0.025000000000000355,
,-0.028999999999999915,0.13100000000000023,
,-1.1150000000000002,-1.0685000000000002,
,-1.1139999999999999,-0.4529999999999994,
,-0.7210000000000001,-0.4740000000000002,
,0.11199999999999921,1.0940000000000012,
,0.7549999999999999,-0.15949999999999953,
,0.2869999999999999,0.9004999999999992,
,-0.24399999999999977,-0.06149999999999878,
,0.2530000000000001,-0.45899999999999785,
,-0.18900000000000006,-0.9574999999999996,
,-0.133,3.077,
,-0.31599999999999984,-2.5604999999999976,
,-0.09600000000000009,0.7100000000000009,
,-0.009000000000000341,-1.1280000000000001,
,0.28200000000000003,-0.894499999999999,
,0.23800000000000043,-0.3389999999999995,
,-0.001000000000000334,0.33700000000000063,
,-0.15000000000000036,0.4385000000000012,
,-0.242,0.12099999999999866,
,-0.019000000000000128,-0.8565000000000005,
,-0.17400000000000038,-0.04100000000000037,
,-0.17900000000000027,0.21550000000000047,
,0.0,0.6859999999999999,
,0.19500000000000028,0.7905000000000015,
,-0.14100000000000001,0.09700000000000131,
,-0.20000000000000018,-0.05599999999999916,
,-0.36699999999999955,-0.15799999999999947,
,-0.09399999999999986,0.013500000000000512,
,-0.001000000000000334,-0.48049999999999926,
,0.11799999999999988,-0.6914999999999996,
,0.052000000000000046,-0.39450000000000074,
,-0.04300000000000015,-0.5819999999999999,
,-0.006000000000000227,-0.20099999999999962,
,-0.08599999999999985,-0.2789999999999999,
,-0.01399999999999979,-0.09250000000000025,
,0.1549999999999998,0.06399999999999961,
,-0.06699999999999973,0.33450000000000024,
,-0.367,-0.12249999999999961,
,-0.7759999999999998,-0.3179999999999996,
,-0.43000000000000005,-0.3124999999999991,
,-0.13999999999999999,-0.5719999999999996,
,0.353,-0.09050000000000002,
,0.12,0.5235000000000003,
,0.1449999999999999,0.18349999999999955,
,-0.20499999999999996,-0.001000000000000334,
,-0.07600000000000007,0.20650000000000102,
,0.18599999999999994,-0.045999999999999375,
,-0.03700000000000003,0.004000000000000448,
,-0.124,0.8464999999999998,
,0.03200000000000003,-0.1794999999999991,
,-0.01100000000000001,0.06050000000000022,
,0.125,-0.11099999999999977,
,0.15000000000000013,0.16000000000000014,
,0.25,0.06199999999999939,
,0.44599999999999973,0.16500000000000004,
,0.3019999999999996,-0.36850000000000005,
,0.34299999999999997,-0.11600000000000055,
,0.057000000000000384,-0.09999999999999964,
,-0.054999999999999716,-0.03149999999999942,
,-0.18300000000000027,0.07749999999999968,
,0.08699999999999974,0.22599999999999998,
,0.03299999999999992,-0.3235000000000001,
,0.11699999999999999,-0.6215000000000002,
,0.3129999999999997,-0.5329999999999995,
,0.1459999999999999,-0.44999999999999996,
,0.2290000000000001,-0.3360000000000001,
,1.5389999999999997,-0.11150000000000004,
,0.7269999999999985,0.0040000000000000036,
,0.4930000000000003,0.05249999999999999,
,-0.2370000000000001,0.3274999999999999,
,0.04400000000000048,0.3295000000000001,
,-0.34199999999999875,0.014499999999999957,
,-0.2140000000000004,0.06600000000000006,
,-0.31899999999999906,0.133,
,-0.30100000000000016,0.22750000000000004,
,-0.06300000000000061,0.3064999999999998,
,-0.3540000000000001,-0.06299999999999972,
,-0.258,-0.19300000000000006,
,-0.11300000000000043,-0.11799999999999988,
,-0.2030000000000003,0.4400000000000004,
,-0.37400000000000055,-0.3974999999999995,
,-0.18900000000000006,0.06099999999999994,
,0.008000000000000007,-0.121,
,-0.02400000000000002,0.4335,
,0.17600000000000016,0.4740000000000002,
,-0.004999999999999893,0.6239999999999997,
,-0.1120000000000001,0.33199999999999985,
,0.22500000000000053,0.09050000000000047,
,-0.24300000000000033,-0.06400000000000006,
,-0.3120000000000003,0.2450000000000001,
,-0.10000000000000053,0.2184999999999988,
,0.04999999999999982,-1.1219999999999999,
,0.2450000000000001,-0.3190000000000004,
,-0.04699999999999971,-0.16599999999999948,
,-0.016000000000000014,-0.7044999999999999,
,-0.1739999999999995,0.2785000000000002,
,0.18799999999999972,0.22350000000000003,
,0.125,0.13350000000000017,
,0.04300000000000015,0.2765000000000004,
,0.05400000000000027,0.5584999999999996,
,0.22200000000000042,0.6230000000000002,
,-0.03399999999999981,-0.07399999999999984,
,0.8930000000000007,0.11300000000000132,
,-0.5590000000000002,0.19250000000000078,
,0.7030000000000003,0.07899999999999974,
,-0.0030000000000001137,-0.048499999999999766,
,0.02400000000000091,0.04449999999999932,
,-0.33999999999999986,-0.10300000000000065,
,-0.041999999999999815,-0.3230000000000004,
,1.0419999999999998,0.0259999999999998,
,0.3719999999999999,1.1254999999999997,
,0.24799999999999933,-0.8245000000000005,
,-0.6359999999999992,0.8170000000000002,
,-0.5439999999999996,0.6070000000000011,
,-0.4870000000000001,-0.21749999999999936,
,-0.2110000000000003,-0.33450000000000024,
,-0.19200000000000017,0.432500000000001,
,-0.17100000000000026,-0.10899999999999999,
,0.04400000000000048,0.3049999999999997,
,-0.06099999999999994,1.1564999999999994,
,0.2709999999999999,0.5180000000000007,
,-0.007000000000000561,0.1639999999999997,
,0.29600000000000026,0.3564999999999987,
,0.052999999999999936,-0.120000000000001,
,-0.03699999999999992,0.25,
,-0.19399999999999995,0.1399999999999988,
,-0.020999999999999908,-0.041999999999999815,
,0.06099999999999994,0.5625000000000018,
,0.06099999999999994,-0.44950000000000045,
,0.07599999999999962,-0.7944999999999993,
,0.036000000000000476,-0.5954999999999977,
,0.10500000000000043,-0.07750000000000057,
,0.0259999999999998,-0.038999999999997925,
,0.12899999999999956,0.2729999999999997,
,-0.04600000000000026,-0.08499999999999908,
,0.019000000000000128,-0.26149999999999984,
,-0.06400000000000006,-0.10299999999999976,
,-0.13199999999999967,-0.947499999999998,
,-0.10199999999999942,-0.391,
,-0.006999999999999673,0.4230000000000018,
,-0.13400000000000034,0.5775000000000006,
,0.15000000000000036,0.572000000000001,
,0.1739999999999995,0.20000000000000284,
,0.05600000000000005,0.010500000000000398,
,0.17599999999999927,-0.11749999999999972,
,-0.6290000000000004,-0.14649999999999963,
,-0.06099999999999994,-0.06650000000000134,
,-0.25200000000000067,-0.3099999999999987,
,0.27200000000000024,-0.20449999999999946,
,0.29100000000000037,-0.2394999999999996,
,0.07600000000000051,0.010499999999998622,
,-0.16100000000000048,0.3719999999999999,
,0.2789999999999999,0.28850000000000087,
,0.017000000000000348,0.17350000000000065,
,0.027000000000000135,0.0754999999999999,
,0.1509999999999998,0.08950000000000102,
,-0.1900000000000004,0.39649999999999963,
,-0.14999999999999947,-0.24399999999999977,
,-0.020000000000000462,-0.4629999999999992,
,-0.3250000000000002,0.019000000000000128,
,-0.23199999999999932,0.5179999999999989,
,-0.12100000000000044,0.49950000000000117,
,-0.04800000000000004,0.2035000000000018,
,-0.11500000000000021,-0.8320000000000007,
,-0.2789999999999999,-0.6270000000000007,
,-0.07600000000000051,0.2035000000000018,
,-0.21699999999999964,0.9535,
,-0.242,0.4740000000000002,
,-1.136,-0.09800000000000253,
,1.895,0.3055000000000021,
,-0.3969999999999998,-0.0625,
,-0.29499999999999993,0.7115000000000009,
,-0.20599999999999996,0.29100000000000037,
,-0.1200000000000001,-0.010499999999998622,
,-0.21699999999999986,-1.2554999999999996,
,-0.16799999999999993,0.4299999999999997,
,-0.123,-0.06850000000000023,
,-0.10099999999999998,0.4134999999999991,
,-0.1489999999999999,1.0125000000000028,
,0.09600000000000009,0.017499999999998295,
,0.2430000000000001,0.15200000000000102,
,0.5570000000000002,-0.7515000000000001,
,0.28500000000000014,-0.5824999999999996,
,0.48999999999999977,0.18099999999999916,
,-0.0040000000000000036,2.1189999999999998,
,-0.2330000000000001,1.7980000000000018,
,0.0040000000000000036,-1.4399999999999977,
,0.30500000000000016,-0.47050000000000125,
,0.5230000000000001,0.25,
,0.6070000000000002,-1.0600000000000023,
,1.0009999999999994,0.25,
,0.20199999999999996,0.0815000000000019,
,0.20000000000000107,-1.0045000000000002,
,0.07000000000000028,-0.0014999999999982805,
,0.03500000000000014,1.3264999999999993,
,0.054999999999999716,-0.6464999999999996,
,-0.19299999999999962,0.934000000000001,
,-0.21999999999999886,0.05799999999999983,
,0.12700000000000067,-0.6440000000000019,
,0.125,-0.20950000000000202,
,0.022999999999999687,0.16250000000000142,
,-0.10200000000000031,0.07749999999999702,
,-0.13699999999999868,0.40949999999999775,
,-0.09199999999999875,0.3190000000000026,
,0.06400000000000006,-0.8729999999999976,
,0.032999999999999474,0.15000000000000213,
,0.013999999999999346,0.30450000000000443,
,-0.11400000000000077,-0.1559999999999988,
,-0.06899999999999995,-0.014499999999998181,
,-0.07399999999999984,0.06550000000000011,
,-0.06599999999999984,-0.5019999999999989,
,-0.12799999999999923,-0.0009999999999976694,
,-0.07399999999999984,-0.117999999999995,
,-0.0940000000000003,-0.1390000000000029,
,-0.10599999999999987,-0.33300000000000196,
,-0.14900000000000002,-0.1110000000000042,
,0.054999999999999716,0.0045000000000001705,
,0.492,-0.6020000000000003,
,-0.17999999999999972,-0.12049999999999805,
,-0.02999999999999936,-0.12049999999999983,
,-0.4239999999999995,0.6225000000000023,
,-0.052999999999999936,0.3694999999999986,
,0.07299999999999951,-0.5819999999999972,
,-0.051000000000000156,-1.3265000000000011,
,-0.21199999999999974,-0.46750000000000114,
,-0.5940000000000003,0.34499999999999886,
,0.8239999999999998,0.8064999999999998,
,0.4319999999999995,-0.24750000000000227,
,0.5569999999999995,0.03500000000000014,
,-0.1979999999999995,-0.3149999999999995,
,-0.6740000000000004,0.08900000000000219,
,-0.016000000000000014,-0.2759999999999998,
,-0.38699999999999957,-0.2320000000000011,
,1.1560000000000006,-0.5925000000000011,
,-0.2450000000000001,-0.38400000000000034,
,0.001000000000000334,-0.8620000000000019,
,0.07599999999999962,0.19200000000000017,
,0.03000000000000025,-0.08800000000000097,
,0.17600000000000016,-0.0235000000000003,
,-0.0389999999999997,-0.2814999999999994,
,-0.09799999999999986,0.15600000000000058,
,-0.1609999999999996,0.2699999999999996,
,-0.17300000000000004,0.2350000000000012,
,-0.25399999999999956,0.12100000000000222,
,-0.18799999999999972,-0.5035000000000007,
,-0.22499999999999964,-0.08700000000000152,
,-0.21899999999999942,-0.49549999999999983,
,-0.2860000000000005,-0.3594999999999997,
,-0.2799999999999998,-0.3255000000000008,
,0.06000000000000005,-0.6940000000000008,
,0.5419999999999998,-0.2010000000000005,
,0.4400000000000004,0.03900000000000059,
,0.06400000000000006,0.06800000000000006,
,-0.10899999999999999,0.20650000000000013,
,0.22499999999999964,0.09849999999999959,
,-0.16299999999999937,-0.38099999999999934,
,-0.2549999999999999,0.026999999999999247,
,0.0860000000000003,0.4734999999999996,
,0.4410000000000007,0.37600000000000033,
,0.11600000000000055,0.21649999999999991,
,0.3229999999999995,0.1404999999999994,
,-0.052999999999999936,0.08950000000000014,
,-0.5549999999999997,-0.17650000000000077,
,-0.08300000000000018,0.08399999999999963,
,0.08000000000000007,0.07899999999999974,
,-0.01100000000000012,0.34250000000000114,
,-0.1280000000000001,-0.06300000000000061,
,0.07500000000000018,-0.7374999999999998,
,-0.12900000000000045,-0.5329999999999995,
,0.03500000000000014,0.003000000000001002,
,-0.025000000000000355,0.8360000000000003,
,0.14400000000000013,-0.36600000000000055,
,0.07299999999999951,-0.27449999999999974,
,0.02600000000000069,-0.399,
,-0.08000000000000007,0.3755000000000006,
,-0.1819999999999995,0.3349999999999991,
,-0.040000000000000036,0.9364999999999997,
,-0.0990000000000002,-0.030000000000001137,
,-0.1639999999999997,0.42300000000000004,
,-0.03399999999999981,-0.4150000000000009,
,0.08999999999999986,0.022499999999999076,
,0.0649999999999995,-0.1014999999999997,
,0.29000000000000004,-0.1874999999999991,
,0.25400000000000045,0.5839999999999996,
,0.35499999999999954,-0.12199999999999989,
,0.38700000000000045,-0.08500000000000085,
,0.47000000000000064,0.23150000000000048,
,0.2469999999999999,0.1374999999999993,
,0.11299999999999955,-0.08750000000000036,
,0.0909999999999993,,
,0.009000000000000341,,
,0.08300000000000018,,
,-0.29100000000000037,,
,-0.08300000000000018,,
,0.16600000000000037,,
,-0.045999999999999375,,
,0.08699999999999974,,
,0.2560000000000002,,
,0.4239999999999995,,
,-0.10699999999999932,,
,0.1509999999999998,,
,0.125,,
,0.34299999999999997,,
,0.2940000000000005,,
,-0.4480000000000004,,
,0.4640000000000004,,
,-1.109,,
,-0.5599999999999987,,
,0.4209999999999994,,
,1.0879999999999992,,
,1.0470000000000006,,
,0.0129999999999999,,
,0.15500000000000114,,
,0.18099999999999739,,
,0.1280000000000001,,
,-0.09100000000000108,,
,-0.9539999999999988,,
,0.8060000000000009,,
,-0.47199999999999775,,
,-0.21199999999999974,,
,0.6669999999999998,,
,0.3860000000000028,,
,0.08299999999999841,,
,0.5399999999999991,,
,-1.2580000000000027,,
,0.11599999999999966,,
,-0.2530000000000001,,
,-0.047999999999998266,,
,-0.15300000000000225,,
,0.1999999999999993,,
,-0.5579999999999998,,
,0.1930000000000014,,
,-0.27199999999999847,,
,0.48400000000000176,,
,0.4540000000000006,,
,-0.13700000000000045,,
,-0.028999999999999915,,
,-0.2430000000000021,,
,-0.10800000000000054,,
,-0.7789999999999999,,
,0.45000000000000284,,
,-0.23999999999999844,,
,0.08600000000000207,,
,-0.2789999999999999,,
,0.1670000000000016,,
,-0.4399999999999977,,
,0.1039999999999992,,
,0.41499999999999915,,
,-0.4430000000000014,,
,0.10999999999999943,,
,0.3769999999999989,,
,0.08800000000000097,,
,0.134999999999998,,
,-0.4969999999999999,,
,0.5,,
,-0.030000000000001137,,
,-0.31700000000000017,,
,-0.012000000000000455,,
,-0.24099999999999966,,
,-0.2010000000000005,,
,-0.021000000000000796,,
,-0.23300000000000054,,
,-0.41000000000000014,,
,-0.4949999999999992,,
,0.03399999999999892,,
,-0.09999999999999964,,
,-0.13599999999999923,,
,-0.245000000000001,,
,-0.1479999999999997,,
,0.08699999999999974,,
,0.0730000000000004,,
,-0.007999999999999119,,
,-0.15300000000000047,,
,0.023999999999999133,,
,0.0470000000000006,,
,0.1479999999999997,,
,-0.14500000000000135,,
,-0.11599999999999966,,
,0.08499999999999908,,
,0.0070000000000014495,,
,-0.0389999999999997,,
,-0.2010000000000005,,
,-0.17600000000000016,,
,-0.2759999999999998,,
,-0.0259999999999998,,
,-0.16000000000000014,,
,-0.08000000000000007,,
,-0.07899999999999885,,
,-0.09700000000000131,,
,-0.12199999999999989,,
,-0.09200000000000053,,
,-0.03599999999999959,,
,-0.03500000000000014,,
,-0.0259999999999998,,
,0.019000000000000128,,
,0.04100000000000037,,
,-0.057000000000000384,,
,-0.2939999999999987,,
,-0.6490000000000009,,
,-0.11499999999999844,,
,-0.16499999999999915,,
,-0.16999999999999993,,
,-0.2029999999999994,,
,-0.004999999999999005,,
,0.5080000000000009,,
,0.1479999999999997,,
,0.39199999999999946,,
,0.006000000000000227,,
,0.7319999999999993,,
,-0.05599999999999916,,
,0.4399999999999995,,
,-0.6709999999999994,,
,-0.7780000000000005,,
,0.21000000000000085,,
,-0.1070000000000011,,
,-0.32899999999999885,,
,0.2839999999999989,,
,0.49599999999999866,,
,-0.02000000000000135,,
,-0.16100000000000136,,
,-0.038000000000000256,,
,0.47799999999999976,,
,-0.09200000000000053,,
,-0.13000000000000078,,
,-0.022999999999999687,,
,-0.05600000000000094,,
,0.0019999999999988916,,
,0.051000000000000156,,
,0.10599999999999987,,
,-0.18399999999999928,,
,0.17199999999999882,,
,0.03399999999999892,,
,-0.23000000000000043,,
,0.11700000000000088,,
,0.3390000000000004,,
,0.5849999999999991,,
,0.023999999999999133,,
,-0.12700000000000067,,
,-0.24399999999999977,,
,-0.062000000000001165,,
,-0.004999999999999005,,
,0.032999999999999474,,
,-0.08399999999999963,,
,-0.1980000000000004,,
,-0.5759999999999987,,
,0.25200000000000067,,
,-0.6210000000000004,,
,0.07399999999999984,,
,0.3200000000000003,,
,0.48099999999999987,,
,0.038000000000000256,,
,-0.05799999999999983,,
,0.09299999999999997,,
,-0.019999999999999574,,
,0.35800000000000054,,
,0.27500000000000036,,
,-0.2110000000000003,,
,-0.37400000000000055,,
,-0.1930000000000014,,
,-0.20899999999999963,,
,0.18599999999999994,,
,0.6699999999999999,,
,0.6780000000000008,,
,-0.017000000000001236,,
,1.1940000000000008,,
,-0.009000000000000341,,
,0.5739999999999998,,
,-0.7759999999999998,,
,1.4430000000000014,,
,0.3219999999999992,,
,0.6479999999999997,,
,-0.053000000000000824,,
,1.5899999999999999,,
,1.725999999999999,,
,1.1660000000000004,,
,-1.7560000000000002,,
,0.16600000000000037,,
,0.4740000000000002,,
,0.36599999999999966,,
,0.8350000000000009,,
,-0.09500000000000242,,
,-0.3230000000000004,,
,-0.3739999999999988,,
,0.9510000000000005,,
,0.04100000000000037,,
,-0.3049999999999997,,
,-0.4269999999999996,,
,0.2660000000000018,,
,-0.9519999999999982,,
,0.3440000000000012,,
,-0.7330000000000005,,
,-0.16000000000000014,,
,-0.2989999999999995,,
,0.04899999999999949,,
,0.007999999999999119,,
,-0.532,,
,-0.2649999999999988,,
,0.14700000000000024,,
,0.23000000000000043,,
,0.3780000000000001,,
,-0.40500000000000114,,
,0.240000000000002,,
,-0.019000000000001904,,
,0.3279999999999994,,
,0.38700000000000045,,
,-0.48900000000000077,,
,-0.33999999999999986,,
,-0.5829999999999984,,
,0.37700000000000067,,
,0.7199999999999989,,
,0.03100000000000236,,
,0.259999999999998,,
,-0.17999999999999972,,
,-0.3049999999999997,,
,-0.2950000000000017,,
,-0.07600000000000051,,
,0.21599999999999753,,
,-0.022000000000002018,,
,0.16000000000000014,,
,0.3589999999999982,,
,0.2029999999999994,,
,-0.43299999999999983,,
,0.08699999999999974,,
,0.10299999999999798,,
,-0.19500000000000028,,
,0.1559999999999988,,
,-0.38700000000000045,,
,-0.038000000000000256,,
,-0.3879999999999981,,
,-0.4560000000000013,,
,-0.04899999999999949,,
,-0.3409999999999993,,
,-0.2010000000000005,,
,-0.025000000000000355,,
,-0.27800000000000047,,
,-0.13400000000000034,,
,-0.2550000000000008,,
,-0.06799999999999962,,
,0.05000000000000071,,
,-0.02999999999999936,,
,0.17600000000000016,,
,0.8650000000000002,,
,0.33899999999999864,,
,0.5779999999999994,,
,0.11400000000000077,,
,0.30100000000000016,,
,-0.16800000000000104,,
,-0.24099999999999966,,
,-0.0519999999999996,,
,-0.17300000000000004,,
,-0.6419999999999995,,
,-0.5560000000000009,,
,-0.3100000000000005,,
,-0.19699999999999918,,
,-0.10999999999999943,,
,-0.24399999999999977,,
,-0.17600000000000016,,
,-0.3279999999999994,,
,0.08500000000000085,,
,-0.04100000000000037,,
,-0.23399999999999999,,
,-0.14400000000000013,,
,-0.41000000000000014,,
,0.021000000000000796,,
,-0.25900000000000034,,
,-0.13899999999999935,,
,-0.1930000000000005,,
,-0.31400000000000006,,
,-0.1070000000000002,,
,-0.043999999999999595,,
,0.019000000000000128,,
,-0.14500000000000046,,
,-0.19600000000000062,,
,0.33499999999999996,,
,0.2030000000000003,,
,-0.20500000000000007,,
,0.2729999999999997,,
,0.7240000000000002,,
,0.16900000000000048,,
,0.5399999999999991,,
,0.0860000000000003,,
,-0.07200000000000095,,
,0.08300000000000018,,
,0.06600000000000072,,
,0.3470000000000013,,
,0.08699999999999974,,
,-0.2879999999999985,,
,-0.3520000000000003,,
,-0.03500000000000014,,
,0.41000000000000014,,
,0.0,,
,0.1609999999999996,,
,-0.038000000000000256,,
,0.0649999999999995,,
,-0.06900000000000084,,
,-0.19200000000000017,,
,-0.4150000000000009,,
,-0.4529999999999994,,
,-0.4249999999999998,,
,-0.09800000000000075,,
,0.29300000000000015,,
,0.18900000000000006,,
,-0.1880000000000006,,
,-0.7350000000000003,,
,-1.1429999999999998,,
,-0.5999999999999996,,
,-0.21900000000000008,,
,-0.2570000000000001,,
,-0.31699999999999995,,
,-0.019000000000000017,,
,0.12100000000000005,,
,0.14400000000000002,,
,0.07100000000000006,,
,0.8699999999999999,,
,0.7840000000000003,,
,0.6420000000000003,,
,1.0359999999999996,,
,0.9809999999999999,,
,0.29300000000000104,,
,-0.2810000000000006,,
,-0.04400000000000048,,
,0.0039999999999995595,,
,-0.16600000000000037,,
,-0.10400000000000098,,
,-0.15499999999999936,,
,-0.22000000000000064,,
,0.021000000000000796,,
,-0.1590000000000007,,
,-0.09100000000000019,,
,-0.13100000000000023,,
,-0.017999999999999794,,
,0.06099999999999994,,
,-0.008000000000000007,,
,-0.017000000000000348,,
,-0.10600000000000076,,
,-0.2789999999999999,,
,-0.09499999999999975,,
,-0.09699999999999953,,
,-0.18200000000000038,,
,-0.17900000000000027,,
,-0.14000000000000057,,
,-0.2610000000000001,,
,-0.025000000000000355,,
,0.3280000000000003,,
,0.5949999999999998,,
,0.07000000000000028,,
,-0.2450000000000001,,
,-0.27500000000000036,,
,0.20099999999999962,,
,-0.6129999999999995,,
,-0.2190000000000003,,
,-0.16000000000000014,,
,0.07599999999999962,,
,-0.18900000000000006,,
,0.2400000000000002,,
,0.007000000000000561,,
,0.19899999999999984,,
,0.3769999999999998,,
,0.6690000000000005,,
,0.41500000000000004,,
,0.11399999999999988,,
,0.29300000000000104,,
,0.7140000000000004,,
,-0.18399999999999928,,
,0.2579999999999991,,
,0.20500000000000007,,
,0.36599999999999966,,
,0.27199999999999847,,
,0.23600000000000065,,
,0.26900000000000013,,
,0.0259999999999998,,
,-0.16900000000000048,,
,-0.021000000000000796,,
,-0.484,,
,-0.1609999999999996,,
,-0.04300000000000104,,
,-0.1330000000000009,,
,-0.20700000000000074,,
,-0.12400000000000055,,
,-0.10100000000000087,,
,0.18399999999999928,,
,0.8170000000000002,,
,0.3260000000000005,,
,0.07900000000000063,,
,-0.002000000000000668,,
,0.1349999999999998,,
,-0.1429999999999989,,
,0.028999999999999915,,
,0.4750000000000014,,
,0.4820000000000011,,
,0.33699999999999974,,
,0.3219999999999992,,
,0.3279999999999994,,
,0.11699999999999733,,
,-0.0730000000000004,,
,-0.03999999999999915,,
,-0.19399999999999906,,
,-0.009999999999999787,,
,-0.14200000000000124,,
,0.07800000000000118,,
,0.10500000000000043,,
,0.021999999999998465,,
,-0.11100000000000065,,
,-0.03200000000000003,,
,-0.15499999999999936,,
,-0.10299999999999976,,
,-0.2129999999999992,,
,-0.20199999999999996,,
,-0.09299999999999997,,
,-0.08300000000000018,,
,-0.0259999999999998,,
,-0.07600000000000051,,
,-0.0259999999999998,,
,-0.016000000000000014,,
,-0.09800000000000075,,
,-0.016000000000000014,,
,0.01699999999999946,,
,0.036999999999999034,,
,-0.010999999999999233,,
,0.06500000000000128,,
,-0.08499999999999908,,
,-0.4150000000000009,,
,-0.28000000000000114,,
,-0.46199999999999974,,
,-0.07800000000000118,,
,0.02999999999999936,,
,0.2140000000000004,,
,1.779,,
,1.3200000000000003,,
,-0.6149999999999984,,
,0.734,,
,-0.35599999999999987,,
,-0.23000000000000043,,
,-0.516,,
,-0.4320000000000004,,
,-0.3670000000000009,,
,0.11899999999999977,,
,0.07099999999999973,,
,0.1330000000000009,,
,0.09399999999999942,,
,0.5589999999999993,,
,0.2900000000000009,,
,0.06899999999999906,,
,0.1869999999999994,,
,0.2129999999999992,,
,0.17900000000000027,,
,-0.045999999999999375,,
,-0.11899999999999977,,
,-0.0779999999999994,,
,-0.14300000000000068,,
,-0.03700000000000081,,
,0.1269999999999989,,
,-0.023999999999999133,,
,-0.10699999999999932,,
,0.08699999999999974,,
,0.09299999999999997,,
,0.049000000000001265,,
,0.1540000000000017,,
,-1.295,,
,-0.3360000000000003,,
,-0.3520000000000003,,
,-0.5740000000000016,,
,0.21000000000000085,,
,0.6259999999999994,,
,0.266,,
,-0.12300000000000111,,
,0.06199999999999939,,
,0.5869999999999997,,
,0.3019999999999996,,
,0.0030000000000001137,,
,-0.05799999999999983,,
,-0.2159999999999993,,
,-0.2759999999999998,,
,-0.4690000000000012,,
,-0.3280000000000012,,
,-0.018000000000000682,,
,3.0839999999999996,,
,-1.0510000000000002,,
,-2.01,,
,0.9969999999999999,,
,-0.3249999999999993,,
,-0.8640000000000008,,
,-0.5259999999999998,,
,-0.3680000000000003,,
,-0.5869999999999997,,
,-0.2450000000000001,,
,-0.12299999999999933,,
,0.034000000000000696,,
,0.30600000000000005,,
,0.2679999999999989,,
,0.18700000000000117,,
,0.09199999999999875,,
,0.06199999999999939,,
,-0.5330000000000013,,
,-0.13999999999999968,,
,-0.5209999999999999,,
,0.1509999999999998,,
,0.23899999999999988,,
,0.04600000000000026,,
,0.052999999999999936,,
,0.4689999999999994,,
,0.5250000000000004,,
,0.28800000000000026,,
,0.07699999999999996,,
,0.022999999999999687,,
,0.03700000000000081,,
,-0.08899999999999864,,
,-0.09799999999999898,,
,-0.09999999999999964,,
,0.019000000000000128,,
,0.009999999999999787,,
,-0.051000000000000156,,
,-0.3819999999999997,,
,-0.4299999999999997,,
,-0.23899999999999988,,
,-0.20999999999999996,,
,-0.2270000000000003,,
,-0.3119999999999994,,
,-0.20599999999999952,,
,-0.12400000000000055,,
,-0.10000000000000053,,
,-0.06799999999999962,,
,-0.2160000000000002,,
,-0.0860000000000003,,
,-0.013000000000000789,,
,-0.016000000000000014,,
,0.07999999999999963,,
,0.22999999999999954,,
,0.10500000000000043,,
,0.040000000000000036,,
,-0.2889999999999997,,
,-0.5409999999999995,,
,-0.15499999999999936,,
,0.06299999999999972,,
,-0.3500000000000001,,
,-0.25299999999999967,,
,-0.30299999999999994,,
,0.054999999999999716,,
,-0.07200000000000006,,
,0.3350000000000004,,
,0.15399999999999991,,
,0.2560000000000002,,
,-0.03300000000000036,,
,0.019000000000000128,,
,-0.027000000000000135,,
,0.04699999999999971,,
,0.09600000000000009,,
,-0.027000000000000135,,
,-0.07500000000000018,,
,-0.11799999999999944,,
,0.10200000000000031,,
,0.21700000000000053,,
,0.7860000000000005,,
,0.10000000000000053,,
,-0.15299999999999958,,
,0.07800000000000029,,
,-0.09299999999999997,,
,-0.13100000000000023,,
,-0.027000000000000135,,
,0.008999999999999453,,
,0.1429999999999998,,
,0.017000000000000348,,
,0.07299999999999951,,
,0.08399999999999963,,
,0.03200000000000003,,
,-0.14400000000000013,,
,-0.0470000000000006,,
,-0.06599999999999984,,
,-0.0600000000000005,,
,-0.0779999999999994,,
,-0.07000000000000028,,
,-0.01699999999999946,,
,0.05200000000000049,,
,0.06500000000000039,,
,0.034000000000000696,,
,0.20199999999999996,,
,0.019999999999999574,,
,-0.04100000000000037,,
,-0.26400000000000023,,
,-0.20099999999999962,,
,-0.41000000000000014,,
,-0.27300000000000013,,
,-0.2849999999999997,,
,-0.2160000000000002,,
,-0.22399999999999975,,
,-0.3899999999999999,,
,-0.03799999999999992,,
,-0.020000000000000018,,
,-0.14500000000000002,,
,-0.06900000000000006,,
,0.02100000000000002,,
,0.08599999999999997,,
,-0.017000000000000015,,
,0.19699999999999995,,
,0.13000000000000012,,
,0.17500000000000004,,
,0.05600000000000005,,
,-0.02400000000000002,,
,0.05899999999999994,,
,-0.010000000000000009,,
,0.11399999999999988,,
,0.5369999999999999,,
,0.0389999999999997,,
,-0.1080000000000001,,
,0.19499999999999984,,
,0.4830000000000001,,
,-0.19200000000000017,,
,0.052000000000000046,,
,-0.052000000000000046,,
,-0.07099999999999973,,
,-0.14900000000000002,,
,-0.15299999999999958,,
,-0.06899999999999995,,
,-0.04200000000000026,,
,0.6140000000000003,,
,-0.18500000000000005,,
,0.016000000000000014,,
,0.19500000000000028,,
,-0.129,,
,-0.09100000000000019,,
,-0.1070000000000002,,
,0.15700000000000003,,
,0.2759999999999998,,
,0.28799999999999937,,
,0.20199999999999996,,
,0.27000000000000046,,
,0.30400000000000027,,
,0.13900000000000023,,
,0.17900000000000027,,
,0.006000000000000227,,
,0.07899999999999974,,
,-0.001000000000000334,,
,-0.03300000000000036,,
,0.10500000000000043,,
,0.12699999999999978,,
,0.08400000000000052,,
,0.030999999999999694,,
,-0.7160000000000002,,
,-0.7459999999999996,,
,-0.7479999999999998,,
,0.1280000000000001,,
,0.06300000000000017,,
,-0.17700000000000005,,
,-0.29000000000000004,,
,-0.32099999999999973,,
,-0.010000000000000231,,
,0.2330000000000001,,
,0.13099999999999978,,
,0.25,,
,-0.02200000000000024,,
,0.24299999999999988,,
,0.20500000000000007,,
,0.12600000000000033,,
,0.34500000000000064,,
,0.20399999999999974,,
,0.30900000000000016,,
,0.2530000000000001,,
,0.028999999999999915,,
,-0.10899999999999999,,
,-0.01100000000000012,,
,0.06299999999999972,,
,0.12699999999999978,,
,0.05399999999999938,,
,0.009999999999999787,,
,0.10000000000000053,,
,0.08900000000000041,,
,-0.1200000000000001,,
,0.028999999999999915,,
,-0.038000000000000256,,
,-0.0779999999999994,,
,-0.2160000000000002,,
,-0.23399999999999999,,
,-0.03200000000000003,,
,0.40800000000000036,,
,-0.040000000000000036,,
,-0.15399999999999991,,
,0.49900000000000055,,
,0.09100000000000108,,
,-0.6999999999999993,,
,0.03599999999999959,,
,0.6020000000000003,,
,0.4800000000000004,,
,0.09800000000000075,,
,0.02400000000000091,,
,0.1750000000000007,,
,-0.06800000000000139,,
,-0.2889999999999997,,
,-0.049999999999998934,,
,0.42900000000000027,,
,-0.022999999999999687,,
,0.0389999999999997,,
,0.12299999999999933,,
,0.5709999999999997,,
,-0.4740000000000002,,
,0.3070000000000004,,
,0.2110000000000003,,
,0.22299999999999898,,
,0.05000000000000071,,
,0.0940000000000012,,
,0.36599999999999966,,
,-0.005000000000000782,,
,-0.10599999999999987,,
,0.05400000000000027,,
,0.19599999999999973,,
,0.006000000000000227,,
,-0.009999999999999787,,
,0.11599999999999966,,
,0.012000000000000455,,
,-0.06400000000000006,,
,0.6539999999999999,,
,0.20500000000000007,,
,0.1639999999999997,,
,-0.39500000000000135,,
,-0.5679999999999996,,
,-0.32699999999999996,,
,-0.34500000000000064,,
,-0.2859999999999996,,
,-0.1620000000000008,,
,-0.04100000000000037,,
,0.025000000000000355,,
,-0.058999999999999275,,
,0.08200000000000074,,
,0.17600000000000016,,
,-0.032999999999999474,,
,-0.053000000000000824,,
,-0.20000000000000107,,
,-0.08099999999999952,,
,0.014999999999998792,,
,-0.125,,
,-0.4900000000000002,,
,-0.37100000000000044,,
,-0.20700000000000074,,
,-0.16300000000000026,,
,0.11399999999999899,,
,0.27000000000000135,,
,0.25900000000000034,,
,0.33399999999999963,,
,0.26900000000000013,,
,0.254999999999999,,
,0.1349999999999998,,
,0.06300000000000061,,
,0.05799999999999983,,
,-0.057000000000000384,,
,-0.18599999999999994,,
,0.053000000000000824,,
,0.1899999999999995,,
,-0.058999999999999275,,
,0.08199999999999896,,
,-0.21700000000000053,,
,-0.2140000000000004,,
,-0.008000000000000895,,
,-0.0389999999999997,,
,-0.1999999999999993,,
,-0.08300000000000018,,
,-0.1739999999999995,,
,0.026999999999999247,,
,0.0019999999999988916,,
,0.11900000000000155,,
,0.2569999999999997,,
,0.18100000000000094,,
,0.05599999999999916,,
,0.032999999999999474,,
,0.17199999999999882,,
,0.1509999999999998,,
,-0.08200000000000074,,
,0.05600000000000094,,
,0.04099999999999859,,
,0.2839999999999989,,
,0.05699999999999861,,
,0.04100000000000037,,
,-0.2530000000000001,,
,-0.1509999999999998,,
,-0.2870000000000008,,
,0.028999999999999915,,
,-0.010999999999999233,,
,0.2599999999999998,,
,0.2579999999999991,,
,0.24899999999999878,,
,0.22199999999999953,,
,0.11800000000000033,,
,0.04899999999999949,,
,-0.6369999999999987,,
,-0.2110000000000003,,
,-0.668000000000001,,
,-0.14999999999999858,,
,-0.041999999999999815,,
,0.18900000000000006,,
,0.3719999999999999,,
,0.5489999999999995,,
,0.21300000000000097,,
,0.15899999999999892,,
,-0.1349999999999998,,
,0.1349999999999998,,
,0.25200000000000067,,
,0.07699999999999996,,
,-0.12300000000000111,,
,0.021999999999998465,,
,0.25099999999999945,,
,0.3200000000000003,,
,-0.05599999999999916,,
,0.30599999999999916,,
,0.21700000000000053,,
,-0.1739999999999995,,
,-0.36400000000000077,,
,-0.7669999999999995,,
,0.2870000000000008,,
,0.3550000000000004,,
,-0.049999999999998934,,
,-0.07500000000000107,,
,0.06500000000000128,,
,0.4219999999999988,,
,0.7270000000000003,,
,0.4319999999999986,,
,0.0259999999999998,,
,0.2870000000000026,,
,0.45899999999999963,,
,-0.1509999999999998,,
,-0.6389999999999993,,
,-0.16600000000000037,,
,-0.5579999999999998,,
,-0.015000000000000568,,
,-0.29499999999999993,,
,0.41499999999999915,,
,0.9060000000000024,,
,0.718,,
,0.9320000000000022,,
,0.6720000000000006,,
,-1.1080000000000005,,
,-0.19399999999999906,,
,0.03200000000000003,,
,-0.2289999999999992,,
,-0.12700000000000244,,
,-0.9549999999999983,,
,-0.3739999999999988,,
,-0.48400000000000176,,
,0.09700000000000131,,
,0.045000000000001705,,
,-0.0070000000000014495,,
,-0.045999999999999375,,
,-0.4269999999999996,,
,-0.24600000000000044,,
,-0.2480000000000011,,
,-0.359,,
,0.5280000000000005,,
,0.6730000000000018,,
,-0.42600000000000193,,
,-0.14499999999999957,,
,0.22500000000000142,,
,0.6869999999999976,,
,-0.022999999999999687,,
,-0.03100000000000236,,
,-0.2710000000000008,,
,-0.4549999999999983,,
,-0.3329999999999984,,
,0.17800000000000082,,
,-0.04800000000000182,,
,0.10500000000000043,,
,-0.06599999999999895,,
,0.10099999999999909,,
,0.38400000000000034,,
,0.3810000000000002,,
,-0.10200000000000031,,
,0.597999999999999,,
,0.10000000000000142,,
,-0.41600000000000037,,
,0.29799999999999827,,
,-0.23400000000000176,,
,0.07499999999999929,,
,0.31200000000000117,,
,0.18700000000000117,,
,-0.09700000000000131,,
,0.16000000000000014,,
,-0.16499999999999915,,
,0.2519999999999989,,
,-0.028999999999999915,,
,-0.2749999999999986,,
,-0.15899999999999892,,
,-0.14099999999999824,,
,0.1609999999999978,,
,0.16000000000000014,,
,-0.36799999999999855,,
,-0.16999999999999815,,
,0.022000000000002018,,
,-0.2309999999999981,,
,-0.06300000000000239,,
,-0.010000000000001563,,
,-0.08000000000000185,,
,-0.05600000000000094,,
,0.038999999999997925,,
,-0.5549999999999997,,
,-0.8470000000000013,,
,-0.3619999999999983,,
,-0.1169999999999991,,
,-0.1479999999999997,,
,-0.01699999999999946,,
,0.379999999999999,,
,0.10899999999999821,,
,0.15200000000000102,,
,0.1670000000000016,,
,-0.17599999999999838,,
,-0.1280000000000001,,
,-0.9670000000000005,,
,-0.5139999999999993,,
,-0.009999999999999787,,
,-0.5449999999999999,,
,-0.26200000000000045,,
,0.47000000000000064,,
,0.4129999999999985,,
,0.395999999999999,,
,-0.0909999999999993,,
,-0.08000000000000007,,
,0.1739999999999995,,
,-0.04400000000000048,,
,-0.10400000000000098,,
,-0.129999999999999,,
,0.019000000000000128,,
,0.04499999999999993,,
,-0.03399999999999892,,
,-0.2740000000000009,,
,-0.19100000000000072,,
,-0.125,,
,-0.2840000000000007,,
,-0.2629999999999999,,
,-0.2140000000000004,,
,-0.1880000000000006,,
,-0.4949999999999992,,
,-0.5669999999999984,,
,-0.4449999999999994,,
,0.14100000000000001,,
,-0.0259999999999998,,
,-0.06400000000000006,,
,-0.20899999999999963,,
,0.10799999999999965,,
,-0.1949999999999994,,
,-0.05799999999999983,,
,0.01899999999999924,,
,0.14700000000000024,,
,0.07299999999999951,,
,0.22500000000000142,,
,0.1720000000000006,,
,0.08799999999999919,,
,0.1609999999999996,,
,-0.057000000000000384,,
,-0.2599999999999998,,
,-0.21099999999999852,,
,-0.03799999999999848,,
,-0.12199999999999989,,
,-0.3700000000000001,,
,-0.125,,
,-0.21499999999999986,,
,-0.11600000000000055,,
,-0.10500000000000043,,
,-0.20999999999999996,,
,-0.2839999999999998,,
,-0.35000000000000053,,
,-0.10400000000000009,,
,-0.15800000000000036,,
,-0.05899999999999972,,
,0.06300000000000017,,
,0.07899999999999974,,
,0.06300000000000061,,
,0.49099999999999966,,
,0.41999999999999993,,
,0.17999999999999972,,
,-0.21300000000000008,,
,-0.22200000000000042,,
,-0.26200000000000045,,
,-0.0519999999999996,,
,0.10000000000000053,,
,0.3020000000000005,,
,0.1509999999999998,,
,0.12699999999999978,,
,0.29100000000000037,,
,0.13100000000000023,,
,-0.06199999999999939,,
,0.3030000000000008,,
,-0.0680000000000005,,
,-0.06400000000000006,,
,0.133,,
,0.03399999999999981,,
,-0.2450000000000001,,
,-0.10200000000000031,,
,0.16800000000000015,,
,0.05399999999999938,,
,0.08000000000000007,,
,0.24600000000000044,,
,0.11500000000000021,,
,0.06700000000000017,,
,-0.26899999999999924,,
,-0.33000000000000007,,
,-0.3490000000000002,,
,-0.2709999999999999,,
,-0.2569999999999997,,
,-0.08199999999999985,,
,0.09600000000000009,,
,0.5,,
,0.25,,
,0.12199999999999989,,
,-0.34799999999999986,,
,-0.3069999999999995,,
,-0.0940000000000003,,
,-0.3150000000000004,,
,-0.022999999999999687,,
,0.09000000000000075,,
,0.18100000000000005,,
,0.16000000000000014,,
,0.23599999999999977,,
,0.516,,
,0.43899999999999917,,
,-0.028999999999999915,,
,-0.1349999999999998,,
,0.15899999999999892,,
,0.26099999999999923,,
,-0.03599999999999959,,
,-0.2759999999999998,,
,0.038000000000000256,,
,-0.054999999999999716,,
,-0.03700000000000081,,
,-0.07199999999999918,,
,-0.23899999999999988,,
,0.03200000000000003,,
,0.19600000000000062,,
,0.4039999999999999,,
,-0.005000000000000782,,
,-0.10299999999999976,,
,-0.05000000000000071,,
,-0.02200000000000024,,
,0.10299999999999976,,
,0.10799999999999876,,
,0.04100000000000037,,
,0.10599999999999987,,
,0.08999999999999986,,
,-0.15100000000000158,,
