Time,Speed,Reduced
1,7.343,7.343
2,8.013,9.385
3,8.293,11.627
4,8.75,10.747
5,9.061,9.044
6,9.296,8.61
7,9.264,8.661
8,9.262,9.332
9,9.385,9.823
10,9.768,8.653
11,10.094,6.119
12,10.353,8.87
13,10.668,8.636
14,10.948,7.519
15,11.326,7.679
16,11.636,6.993
17,11.627,6.652
18,11.51,6.358
19,11.7,7.812
20,11.738,6.051
21,11.552,5.841
22,11.356,5.611
23,11.232,6.16
24,11.076,7.537
25,10.747,8.962
26,10.455,8.713
27,10.231,8.076
28,9.991,7.951
29,9.756,5.52
30,9.54,5.557
31,9.321,4.707
32,9.145,5.14
33,9.044,5.735
34,9.007,6.596
35,8.956,7.046
36,8.887,7.861
37,8.87,7.721
38,8.854,6.72
39,8.773,7.412
40,8.692,7.66
41,8.61,9.799
42,8.531,13.201
43,8.537,14.75
44,8.589,12.912
45,8.613,10.561
46,8.587,14.466
47,8.561,13.332
48,8.606,13.669
49,8.661,15.436
50,8.655,20.191
51,8.677,20.275
52,8.81,11.858
53,8.974,9.898
54,9.135,11.955
55,9.279,11.528
56,9.34,8.295
57,9.332,10.076
58,9.269,13.117
59,9.273,12.584
60,9.33,12.47
61,9.433,11.418
62,9.578,9.711
63,9.664,9.131
64,9.719,9.824
65,9.823,9.677
66,9.937,8.749
67,9.99,8.072
68,9.972,7.149
69,9.854,6.258
70,9.688,5.748
71,9.496,6.041
72,9.249,7.056
73,8.653,6.554
74,8.247,5.69
75,7.765,6.048
76,7.242,7.198
77,6.833,7.553
78,6.237,8.378
79,6.087,9.03
80,5.985,8.578
81,6.119,8.621
82,6.55,8.348
83,7.002,7.208
84,7.413,7.115
85,7.876,5.931
86,8.336,6.336
87,8.605,5.848
88,8.779,6.908
89,8.87,8.203
90,8.891,8.167
91,8.872,9.237
92,8.863,10.087
93,8.881,9.577
94,8.895,10.684
95,8.852,9.692
96,8.738,10.864
97,8.636,13.802
98,8.454,14.03
99,8.174,15.291
100,7.915,15.399
101,7.759,14.673
102,7.686,10.175
103,7.59,15.733
104,7.502,15.876
105,7.519,17.553
106,7.648,17.465
107,7.767,17.304
108,7.757,19.754
109,7.737,20.205
110,7.789,16.296
111,7.842,8.496
112,7.792,11.215
113,7.679,18.918
114,7.573,20.937
115,7.497,17.497
116,7.406,13.578
117,7.284,13.347
118,7.169,14.106
119,7.077,12.285
120,7.025,8.881
121,6.993,11.356
122,6.95,11.539
123,6.931,11.947
124,6.958,11.008
125,6.963,11.508
126,6.962,11.899
127,6.989,11.113
128,6.929,10.766
129,6.652,11.128
130,6.807,10.969
131,6.795,10.259
132,6.73,12.65
133,6.634,12.699
134,6.415,13.522
135,6.19,12.948
136,6.143,13.288
137,6.358,13.515
138,6.664,13.698
139,7.012,13.486
140,7.357,11.598
141,7.62,9.644
142,7.812,8.463
143,8.017,6.981
144,8.188,5.049
145,7.812,3.264
146,7.355,2.826
147,7.252,0.955
148,6.905,0.411
149,6.403,1.435
150,6.192,1.498
151,6.23,1.187
152,6.149,0.709
153,6.051,0.741
154,5.878,0.219
155,5.635,2.362
156,5.486,1.217
157,5.448,3.532
158,5.52,4.914
159,5.572,2.917
160,5.711,5.696
161,5.841,7.149
162,5.962,7.674
163,6.027,10.765
164,6.086,6.802
165,5.971,7.586
166,5.907,7.212
167,5.781,6.454
168,5.7,7.774
169,5.611,5.981
170,5.49,9.763
171,5.397,8.623
172,5.473,8.918
173,5.602,7.535
174,5.687,8.003
175,5.822,7.073
176,5.98,4.211
177,6.16,2.462
178,6.364,1.552
179,6.577,4.593
180,6.869,7.5
181,7.076,7.362
182,7.188,10.506
183,7.296,11.712
184,7.38,12.414
185,7.537,13.082
186,7.665,12.578
187,7.86,12.468
188,8.107,11.451
189,8.354,10.205
190,8.521,8.894
191,8.641,4.884
192,8.797,6.445
193,8.962,5.051
194,9.077,5.984
195,9.11,4.823
196,9.122,4.589
197,9.113,3.295
198,9.07,3.465
199,8.948,3.16
200,8.81,0.266
201,8.713,0.646
202,8.636,0.617
203,8.595,1.327
204,8.538,4.028
205,8.528,3.827
206,8.505,5.186
207,8.395,10.789
208,8.228,9.325
209,8.076,7.478
210,8.046,5.617
211,8.115,5.773
212,8.171,5.404
213,8.178,5.417
214,8.179,5.301
215,8.202,6.29
216,8.249,8.147
217,7.951,7.852
218,7.959,7.417
219,6.972,4.969
220,6.879,5.408
221,6.257,5.785
222,5.985,5.857
223,5.645,6.285
224,5.516,6.289
225,5.52,5.68
226,5.631,6.642
227,5.622,6.247
228,5.678,7.096
229,5.726,7.031
230,5.815,5.602
231,5.789,4.477
232,5.664,1.822
233,5.557,2.492
234,5.425,1.221
235,5.336,1.68
236,5.264,3.463
237,5.152,5.108
238,4.907,8.817
239,4.765,8.527
240,4.744,8.763
241,4.707,8.265
242,4.629,7.877
243,4.62,7.229
244,4.82,6.557
245,4.975,6.734
246,5.052,6.025
247,5.047,8.161
248,5.064,6.294
249,5.14,7.207
250,5.168,7.225
251,5.087,5.648
252,4.994,3.584
253,4.996,6.469
254,5.11,5.645
255,5.352,7.649
256,5.555,6.561
257,5.735,6.145
258,5.818,6.701
259,5.879,5.915
260,5.925,5.562
261,5.964,7.775
262,6.046,9.893
263,6.174,9.384
264,6.383,9.837
265,6.596,11.362
266,6.724,12.512
267,6.743,12.394
268,6.7,16.184
269,6.728,15.474
270,6.81,16.775
271,6.888,16.481
272,6.958,17.415
273,7.046,17.075
274,7.145,17.792
275,7.251,17.587
276,7.402,16.775
277,7.559,16.404
278,7.704,17.673
279,7.772,17.686
280,7.826,16.637
281,7.861,15.315
282,7.912,14.058
283,7.998,13.945
284,8.058,13.951
285,8.08,13.878
286,8.091,12.656
287,8.145,11.848
288,8.262,11.353
289,7.721,10.995
290,7.83,9.848
291,7.2,10.414
292,7.154,11.568
293,6.591,9.244
294,6.121,9.239
295,6.354,9.823
296,6.551,9.932
297,6.72,10.119
298,6.879,10.674
299,7.003,12.51
300,7.096,11.862
301,7.159,9.61
302,7.23,10.11
303,7.283,10.905
304,7.332,10.941
305,7.412,11.076
306,7.51,15.063
307,7.555,17.157
308,7.634,16.895
309,7.572,17.629
310,7.393,19.248
311,7.382,18.74
312,7.496,18.084
313,7.66,16.658
314,7.775,15.706
315,7.998,16.142
316,8.349,17.163
317,8.692,16.573
318,8.963,17.662
319,9.185,16.786
320,9.475,17.725
321,9.799,17.303
322,10.133,15.438
323,10.559,13.66
324,11.033,12.334
325,11.433,12.858
326,11.854,15.626
327,12.288,15.325
328,12.868,11.745
329,13.201,10.29
330,13.436,9.518
331,14.23,7.728
332,14.554,6.379
333,16.551,5.69
334,15.473,6.833
335,14.664,9.124
336,15.871,10.48
337,14.75,8.865
338,13.971,9.605
339,13.626,8.167
340,13.635,7.161
341,13.611,2.808
342,13.326,0.395
343,12.984,1.515
344,12.821,8.232
345,12.912,9.5
346,12.796,8.509
347,12.428,7.739
348,11.784,7.583
349,11.225,6.579
350,10.981,5.329
351,10.753,6.551
352,10.465,5.693
353,10.561,4.371
354,11.184,5.139
355,12.122,8.2
356,13.053,10.719
357,13.919,12.903
358,14.149,12.452
359,14.189,11.101
360,14.615,11.186
361,14.466,13.311
362,14.226,13.956
363,14.086,16.498
364,14.148,15.982
365,14.135,16.076
366,13.862,15.314
367,14.554,14.081
368,13.965,13.69
369,13.332,13.425
370,12.922,13.316
371,12.796,11.214
372,12.551,12.059
373,12.683,12.584
374,12.824,11.442
375,12.988,13.341
376,13.303,14.43
377,13.669,13.909
378,13.95,13.623
379,14.266,13.181
380,14.697,10.207
381,15.087,11.617
382,15.446,13.338
383,15.53,12.053
384,15.345,15.058
385,15.436,12.144
386,15.832,7.923
387,16.432,8.121
388,17.507,8.669
389,18.348,6.59
390,19.041,8.258
391,19.541,9.799
392,19.879,9.231
393,20.191,8.189
394,20.518,6.177
395,20.615,4.739
396,21.194,3.978
397,21.267,4.596
398,19.342,4.423
399,19.159,2.857
400,19.383,3.883
401,20.275,4.114
402,20.28,4.172
403,21.854,6.342
404,12.306,6.014
405,13.077,6.079
406,12.439,6.149
407,11.344,5.129
408,11.855,5.039
409,11.858,5.652
410,11.715,3.573
411,10.977,1.472
412,10.009,0.561
413,9.153,0.785
414,8.82,1.811
415,9.15,1.637
416,9.565,2.957
417,9.898,3.033
418,9.674,2.119
419,9.358,3.3
420,9.244,3.076
421,9.37,4.919
422,10.156,6.58
423,11.188,6.771
424,11.7,6.925
425,11.955,3.868
426,12.048,2.387
427,12.072,3.608
428,12.225,4.802
429,12.294,6.909
430,12.209,6.987
431,12.02,7.606
432,11.778,7.467
433,11.528,6.391
434,11.219,8.6
435,10.482,8.721
436,10.256,10.015
437,10.106,10.328
438,9.919,10.506
439,9.289,12.516
440,8.756,13.326
441,8.295,13.631
442,7.917,13.715
443,7.71,13.961
444,7.78,11.169
445,8.06,10.892
446,8.368,11.114
447,8.839,10.192
448,9.54,8.047
449,10.076,10.09
450,10.517,11.436
451,10.768,10.975
452,11.152,10.034
453,11.629,9.144
454,12.06,8.838
455,12.484,10.071
456,12.882,10.652
457,13.117,11.57
458,13.22,10.148
459,13.164,11.281
460,13.087,12.238
461,13.055,10.046
462,12.855,12.463
463,12.733,13.08
464,12.655,13.869
465,12.584,15.639
466,12.511,13.681
467,12.439,14.69
468,12.475,17.943
469,12.425,18.393
470,12.327,15.565
471,12.461,19.79
472,12.426,20.124
473,12.47,18.601
474,12.54,17.009
475,12.691,15.663
476,12.647,17.309
477,12.449,18.113
478,11.818,17.069
479,11.677,16.648
480,11.63,18.439
481,11.418,18.602
482,11.079,19.509
483,10.737,19.671
484,10.449,18.822
485,10.294,18.822
486,10.108,18.001
487,9.861,17.668
488,9.777,15.604
489,9.711,16.407
490,9.557,15.771
491,9.455,12.157
492,9.397,14.536
493,9.401,14.342
494,9.308,13.604
495,9.072,12.358
496,8.974,10.241
497,9.131,8.31
498,9.493,7.885
499,10.019,7.82
500,10.593,9.089
501,10.826,8.293
502,10.243,6.905
503,9.627,5.593
504,9.663,3.796
505,9.824,4.432
506,9.852,5.439
507,9.937,4.97
508,10.044,6.545
509,10.121,7.217
510,10.178,7.089
511,10.042,7.691
512,9.942,7.704
513,9.677,5.35
514,9.513,6.694
515,9.403,5.694
516,9.333,5.881
517,9.373,8.63
518,9.372,9.205
519,9.209,8.444
520,8.983,7.921
521,8.749,8.755
522,8.612,9.065
523,8.307,
524,8.017,
525,8.029,
526,8.235,
527,8.335,
528,8.222,
529,8.072,
530,7.945,
531,7.845,
532,7.72,
533,7.529,
534,7.331,
535,7.25,
536,7.209,
537,7.149,
538,7.059,
539,6.984,
540,6.851,
541,6.672,
542,6.49,
543,6.328,
544,6.224,
545,6.258,
546,6.35,
547,6.302,
548,6.195,
549,6.151,
550,6.145,
551,6.078,
552,5.895,
553,5.748,
554,5.689,
555,5.695,
556,5.681,
557,5.617,
558,5.629,
559,5.734,
560,5.884,
561,6.041,
562,6.21,
563,6.384,
564,6.553,
565,6.61,
566,6.607,
567,6.677,
568,6.853,
569,7.056,
570,7.169,
571,7.088,
572,6.865,
573,6.64,
574,6.482,
575,6.48,
576,6.669,
577,6.554,
578,6.56,
579,6.182,
580,6.241,
581,5.793,
582,6.014,
583,6.039,
584,5.937,
585,5.69,
586,5.619,
587,5.591,
588,5.445,
589,5.498,
590,5.752,
591,5.971,
592,6.029,
593,6.048,
594,6.108,
595,6.167,
596,6.21,
597,6.368,
598,6.664,
599,6.863,
600,7.057,
601,7.198,
602,7.363,
603,7.437,
604,7.364,
605,7.343,
606,7.373,
607,7.511,
608,7.548,
609,7.553,
610,7.705,
611,7.847,
612,7.949,
613,7.967,
614,8.096,
615,8.247,
616,8.273,
617,8.378,
618,8.401,
619,8.408,
620,8.47,
621,8.675,
622,8.898,
623,9.002,
624,9,
625,9.03,
626,9.089,
627,8.974,
628,8.735,
629,8.536,
630,8.534,
631,8.605,
632,8.589,
633,8.578,
634,8.644,
635,8.716,
636,8.727,
637,8.645,
638,8.554,
639,8.57,
640,8.606,
641,8.621,
642,8.617,
643,8.657,
644,8.738,
645,8.7,
646,8.585,
647,8.524,
648,8.516,
649,8.348,
650,7.812,
651,7.696,
652,7.509,
653,7.421,
654,7.036,
655,7.086,
656,7.169,
657,7.208,
658,7.08,
659,7.034,
660,7.08,
661,7.16,
662,7.212,
663,7.196,
664,7.195,
665,7.115,
666,7.004,
667,6.838,
668,6.66,
669,6.437,
670,6.178,
671,5.993,
672,5.938,
673,5.931,
674,6.053,
675,6.255,
676,6.371,
677,6.456,
678,6.372,
679,6.282,
680,6.264,
681,6.336,
682,6.467,
683,6.475,
684,6.462,
685,6.466,
686,6.359,
687,6.169,
688,6.013,
689,5.848,
690,5.563,
691,5.064,
692,5.141,
693,6.165,
694,6.641,
695,6.612,
696,6.672,
697,6.908,
698,7.189,
699,7.425,
700,7.649,
701,7.802,
702,7.939,
703,8.079,
704,8.136,
705,8.203,
706,8.185,
707,8.126,
708,8.075,
709,8.056,
710,8.09,
711,8.122,
712,8.146,
713,8.167,
714,8.222,
715,8.29,
716,8.365,
717,8.37,
718,8.338,
719,8.4,
720,8.679,
721,9.237,
722,9.024,
723,9.186,
724,8.92,
725,9.242,
726,9.23,
727,9.235,
728,9.526,
729,10.087,
730,10.231,
731,10.233,
732,10.25,
733,10.253,
734,10.416,
735,10.243,
736,9.865,
737,9.577,
738,9.547,
739,9.932,
740,10.256,
741,10.232,
742,10.3,
743,10.598,
744,10.709,
745,10.684,
746,10.397,
747,10.029,
748,9.967,
749,10.09,
750,10.384,
751,10.329,
752,10.084,
753,9.692,
754,9.206,
755,8.922,
756,8.919,
757,9.18,
758,9.494,
759,9.78,
760,10.183,
761,10.864,
762,11.463,
763,11.958,
764,12.462,
765,12.935,
766,13.212,
767,13.441,
768,13.693,
769,13.802,
770,13.806,
771,13.836,
772,13.875,
773,13.899,
774,13.952,
775,14.049,
776,14.065,
777,14.03,
778,14.063,
779,14.134,
780,14.335,
781,14.499,
782,14.64,
783,14.829,
784,15.121,
785,15.291,
786,15.454,
787,15.545,
788,15.692,
789,15.749,
790,15.674,
791,15.672,
792,15.86,
793,15.399,
794,14.628,
795,14.349,
796,13.808,
797,13.433,
798,12.68,
799,12.756,
800,13.575,
801,14.673,
802,15.161,
803,15.758,
804,13.094,
805,7.829,
806,7.352,
807,8.711,
808,9.828,
809,10.175,
810,10.42,
811,11.246,
812,13.259,
813,14.519,
814,15.457,
815,15.87,
816,15.786,
817,15.733,
818,15.705,
819,15.891,
820,15.82,
821,15.552,
822,15.736,
823,15.672,
824,15.734,
825,15.876,
826,16.153,
827,16.2,
828,16.185,
829,16.285,
830,16.512,
831,16.76,
832,17.146,
833,17.553,
834,17.846,
835,18.116,
836,18.457,
837,18.207,
838,18.153,
839,17.757,
840,17.815,
841,17.465,
842,17.23,
843,17.201,
844,17.235,
845,17.17,
846,16.929,
847,17.148,
848,17.042,
849,17.304,
850,17.388,
851,17.485,
852,17.789,
853,18.175,
854,18.585,
855,18.971,
856,19.367,
857,19.754,
858,20.059,
859,20.31,
860,20.645,
861,20.762,
862,20.884,
863,20.8,
864,20.931,
865,20.205,
866,19.824,
867,18.97,
868,18.357,
869,17.862,
870,16.896,
871,16.528,
872,16.369,
873,16.296,
874,16.25,
875,15.291,
876,13.375,
877,13.732,
878,12.215,
879,9.617,
880,9.397,
881,8.496,
882,8.108,
883,8.12,
884,8.923,
885,8.547,
886,8.681,
887,6.279,
888,11.783,
889,11.215,
890,13.045,
891,16.071,
892,18.252,
893,16.916,
894,14.781,
895,15.51,
896,16.064,
897,18.918,
898,20.203,
899,20.745,
900,22.284,
901,22.702,
902,22.524,
903,22.204,
904,21.396,
905,20.937,
906,20.352,
907,19.606,
908,18.404,
909,17.402,
910,17.467,
911,17.343,
912,17.422,
913,17.497,
914,16.296,
915,15.815,
916,14.848,
917,14.277,
918,14.078,
919,13.943,
920,13.863,
921,13.578,
922,13.422,
923,13.715,
924,13.713,
925,13.394,
926,13.178,
927,12.949,
928,12.859,
929,13.347,
930,14.402,
931,13.862,
932,13.797,
933,15.141,
934,15.717,
935,15.366,
936,14.68,
937,14.106,
938,13.436,
939,13.146,
940,12.42,
941,11.587,
942,11.263,
943,11.562,
944,12.072,
945,12.285,
946,12.314,
947,12.386,
948,12.435,
949,12.283,
950,11.83,
951,11.298,
952,10.18,
953,8.881,
954,7.942,
955,7.292,
956,7.128,
957,7.411,
958,8.378,
959,9.913,
960,11.077,
961,11.356,
962,11.335,
963,11.263,
964,11.493,
965,11.899,
966,12.198,
967,12.256,
968,12.064,
969,11.539,
970,10.925,
971,10.71,
972,10.762,
973,10.958,
974,11.189,
975,11.553,
976,11.726,
977,11.947,
978,12.028,
979,11.949,
980,11.837,
981,11.638,
982,11.349,
983,11.132,
984,11.002,
985,11.008,
986,10.992,
987,10.927,
988,10.757,
989,10.755,
990,10.833,
991,10.995,
992,11.244,
993,11.508,
994,11.786,
995,11.877,
996,11.977,
997,11.979,
998,11.888,
999,11.878,
1000,11.911,
1001,11.899,
1002,11.955,
1003,11.94,
1004,11.952,
1005,11.918,
1006,11.796,
1007,11.594,
1008,11.204,
1009,11.113,
1010,11.21,
1011,10.956,
1012,10.791,
1013,10.894,
1014,10.592,
1015,10.76,
1016,11.416,
1017,10.766,
1018,10.17,
1019,9.897,
1020,9.906,
1021,10.15,
1022,10.595,
1023,11.132,
1024,11.262,
1025,11.128,
1026,11.058,
1027,11.192,
1028,11.278,
1029,11.418,
1030,11.729,
1031,11.234,
1032,11.007,
1033,10.969,
1034,11.022,
1035,11.035,
1036,10.789,
1037,10.356,
1038,9.859,
1039,9.603,
1040,9.896,
1041,10.259,
1042,10.549,
1043,10.881,
1044,11.41,
1045,11.9,
1046,12.27,
1047,12.278,
1048,12.287,
1049,12.65,
1050,12.909,
1051,13.119,
1052,13.277,
1053,13.12,
1054,12.934,
1055,12.775,
1056,12.677,
1057,12.699,
1058,12.818,
1059,12.94,
1060,12.956,
1061,13.06,
1062,13.173,
1063,13.319,
1064,13.517,
1065,13.522,
1066,13.402,
1067,13.285,
1068,13.34,
1069,13.403,
1070,13.33,
1071,13.225,
1072,13.131,
1073,12.948,
1074,12.817,
1075,12.69,
1076,12.613,
1077,12.762,
1078,12.917,
1079,13.023,
1080,13.171,
1081,13.288,
1082,13.328,
1083,13.581,
1084,13.43,
1085,13.662,
1086,13.796,
1087,13.739,
1088,13.62,
1089,13.515,
1090,13.714,
1091,13.832,
1092,13.711,
1093,13.637,
1094,13.821,
1095,13.787,
1096,13.707,
1097,13.698,
1098,13.428,
1099,13.383,
1100,13.083,
1101,12.84,
1102,12.905,
1103,13.065,
1104,13.317,
1105,13.486,
1106,13.339,
1107,12.959,
1108,12.736,
1109,12.728,
1110,12.682,
1111,12.274,
1112,11.927,
1113,11.598,
1114,11.141,
1115,10.875,
1116,10.74,
1117,10.538,
1118,10.307,
1119,10.138,
1120,9.944,
1121,9.644,
1122,9.313,
1123,9.056,
1124,8.915,
1125,8.785,
1126,8.725,
1127,8.644,
1128,8.529,
1129,8.463,
1130,8.366,
1131,8.129,
1132,7.815,
1133,7.599,
1134,7.438,
1135,7.263,
1136,7.089,
1137,6.981,
1138,6.862,
1139,6.687,
1140,6.467,
1141,6.218,
1142,5.907,
1143,5.594,
1144,5.385,
1145,5.049,
1146,4.704,
1147,4.42,
1148,4.137,
1149,3.827,
1150,3.521,
1151,3.292,
1152,3.163,
1153,3.264,
1154,3.076,
1155,2.696,
1156,2.444,
1157,3.065,
1158,2.554,
1159,2.609,
1160,2.579,
1161,2.826,
1162,3.052,
1163,3.006,
1164,2.575,
1165,1.771,
1166,1.425,
1167,1.333,
1168,1.13,
1169,0.955,
1170,0.731,
1171,0.646,
1172,0.664,
1173,0.555,
1174,0.426,
1175,0.405,
1176,0.399,
1177,0.411,
1178,0.493,
1179,0.753,
1180,0.993,
1181,1.17,
1182,1.369,
1183,1.474,
1184,1.511,
1185,1.435,
1186,1.414,
1187,1.436,
1188,1.447,
1189,1.494,
1190,1.484,
1191,1.448,
1192,1.491,
1193,1.498,
1194,1.52,
1195,1.558,
1196,1.558,
1197,1.489,
1198,1.372,
1199,1.281,
1200,1.263,
1201,1.187,
1202,1.066,
1203,1.05,
1204,1.023,
1205,0.979,
1206,0.84,
1207,0.771,
1208,0.728,
1209,0.709,
1210,0.765,
1211,0.81,
1212,0.827,
1213,0.78,
1214,0.698,
1215,0.658,
1216,0.685,
1217,0.741,
1218,0.835,
1219,0.884,
1220,0.873,
1221,0.688,
1222,0.43,
1223,0.237,
1224,0.053,
1225,0.219,
1226,0.91,
1227,1.168,
1228,1.344,
1229,1.836,
1230,2.343,
1231,2.447,
1232,2.539,
1233,2.362,
1234,2.229,
1235,2.213,
1236,1.906,
1237,1.624,
1238,1.302,
1239,1.137,
1240,1.081,
1241,1.217,
1242,1.384,
1243,1.552,
1244,1.954,
1245,2.497,
1246,3.054,
1247,3.377,
1248,3.468,
1249,3.532,
1250,3.599,
1251,3.477,
1252,3.294,
1253,3.411,
1254,3.669,
1255,4.109,
1256,4.626,
1257,4.914,
1258,4.657,
1259,4.221,
1260,3.907,
1261,3.721,
1262,3.506,
1263,3.218,
1264,3.036,
1265,2.917,
1266,2.867,
1267,2.998,
1268,3.246,
1269,3.593,
1270,3.978,
1271,4.472,
1272,5.086,
1273,5.696,
1274,6.222,
1275,6.536,
1276,6.813,
1277,7.277,
1278,7.887,
1279,7.989,
1280,7.565,
1281,7.149,
1282,7.01,
1283,6.791,
1284,6.875,
1285,6.99,
1286,7.304,
1287,7.501,
1288,7.652,
1289,7.674,
1290,7.559,
1291,7.602,
1292,7.931,
1293,8.506,
1294,9.509,
1295,10.33,
1296,10.889,
1297,10.765,
1298,10.41,
1299,10.464,
1300,9.577,
1301,9.546,
1302,9.498,
1303,9.299,
1304,8.645,
1305,6.802,
1306,5.047,
1307,4.128,
1308,3.536,
1309,3.989,
1310,6.194,
1311,7.207,
1312,7.024,
1313,7.586,
1314,8.058,
1315,7.967,
1316,7.835,
1317,8.163,
1318,8.494,
1319,8.032,
1320,7.504,
1321,7.212,
1322,6.588,
1323,5.512,
1324,5.056,
1325,4.714,
1326,4.823,
1327,5.514,
1328,6.161,
1329,6.454,
1330,6.724,
1331,6.437,
1332,6.767,
1333,7.583,
1334,8.281,
1335,8.331,
1336,8.127,
1337,7.774,
1338,7.446,
1339,7.099,
1340,6.71,
1341,6.579,
1342,6.394,
1343,6.372,
1344,6.312,
1345,5.981,
1346,5.967,
1347,6.467,
1348,7.013,
1349,7.567,
1350,8.162,
1351,8.657,
1352,9.166,
1353,9.763,
1354,10.361,
1355,10.774,
1356,10.775,
1357,10.49,
1358,10.033,
1359,9.445,
1360,8.935,
1361,8.623,
1362,8.424,
1363,8.634,
1364,8.814,
1365,8.879,
1366,8.997,
1367,9.056,
1368,9.105,
1369,8.918,
1370,8.377,
1371,8.085,
1372,7.599,
1373,7.311,
1374,6.899,
1375,7.313,
1376,7.474,
1377,7.535,
1378,7.912,
1379,8.134,
1380,8.232,
1381,8.226,
1382,8.239,
1383,8.21,
1384,8.179,
1385,8.003,
1386,7.726,
1387,7.531,
1388,7.355,
1389,7.401,
1390,7.32,
1391,7.206,
1392,7.207,
1393,7.073,
1394,6.744,
1395,6.318,
1396,6.041,
1397,5.713,
1398,5.313,
1399,4.896,
1400,4.556,
1401,4.211,
1402,3.866,
1403,3.641,
1404,3.419,
1405,3.225,
1406,3.112,
1407,3.107,
1408,2.95,
1409,2.462,
1410,1.887,
1411,1.56,
1412,1.387,
1413,1.397,
1414,1.53,
1415,1.575,
1416,1.506,
1417,1.552,
1418,1.792,
1419,2.024,
1420,2.317,
1421,2.685,
1422,3.069,
1423,3.503,
1424,3.998,
1425,4.593,
1426,5.145,
1427,5.594,
1428,5.913,
1429,6.235,
1430,6.651,
1431,7.103,
1432,7.441,
1433,7.5,
1434,7.619,
1435,7.651,
1436,7.497,
1437,7.179,
1438,6.94,
1439,6.944,
1440,7.017,
1441,7.362,
1442,8.188,
1443,8.523,
1444,9.169,
1445,9.921,
1446,10.036,
1447,10.667,
1448,10.99,
1449,10.506,
1450,10.164,
1451,10.031,
1452,10.143,
1453,10.228,
1454,10.245,
1455,10.816,
1456,11.285,
1457,11.712,
1458,11.787,
1459,11.612,
1460,11.555,
1461,11.735,
1462,11.715,
1463,11.942,
1464,12.213,
1465,12.414,
1466,12.566,
1467,12.606,
1468,12.48,
1469,12.427,
1470,12.606,
1471,12.856,
1472,13.151,
1473,13.082,
1474,12.851,
1475,12.715,
1476,12.586,
1477,12.569,
1478,12.65,
1479,12.712,
1480,12.683,
1481,12.578,
1482,12.429,
1483,12.416,
1484,12.452,
1485,12.335,
1486,12.357,
1487,12.402,
1488,12.388,
1489,12.468,
1490,12.536,
1491,12.486,
1492,12.574,
1493,12.523,
1494,12.293,
1495,12.015,
1496,11.725,
1497,11.451,
1498,11.334,
1499,11.226,
1500,10.937,
1501,10.676,
1502,10.526,
1503,10.467,
1504,10.328,
1505,10.205,
1506,10.144,
1507,9.921,
1508,9.697,
1509,9.626,
1510,9.55,
1511,9.485,
1512,9.456,
1513,8.894,
1514,7.779,
1515,6.905,
1516,5.791,
1517,4.978,
1518,4.257,
1519,4.355,
1520,4.467,
1521,4.884,
1522,5.639,
1523,6.228,
1524,6.515,
1525,6.37,
1526,6.126,
1527,6.211,
1528,6.464,
1529,6.445,
1530,6.256,
1531,6.048,
1532,5.915,
1533,5.748,
1534,5.432,
1535,5.221,
1536,5.125,
1537,5.051,
1538,5.042,
1539,5.114,
1540,5.396,
1541,5.728,
1542,5.966,
1543,6.072,
1544,6.071,
1545,5.984,
1546,5.834,
1547,5.618,
1548,5.376,
1549,5.268,
1550,5.249,
1551,5.165,
1552,4.991,
1553,4.823,
1554,4.644,
1555,4.559,
1556,4.559,
1557,4.691,
1558,4.886,
1559,4.89,
1560,4.749,
1561,4.589,
1562,4.389,
1563,4.007,
1564,3.64,
1565,3.351,
1566,3.257,
1567,3.253,
1568,3.252,
1569,3.295,
1570,3.413,
1571,3.529,
1572,3.581,
1573,3.549,
1574,3.506,
1575,3.524,
1576,3.518,
1577,3.465,
1578,3.379,
1579,3.295,
1580,3.281,
1581,3.355,
1582,3.51,
1583,3.553,
1584,3.486,
1585,3.16,
1586,2.793,
1587,1.876,
1588,1.1,
1589,0.792,
1590,0.362,
1591,0.357,
1592,0.217,
1593,0.266,
1594,0.619,
1595,0.703,
1596,0.823,
1597,0.926,
1598,1.071,
1599,0.999,
1600,0.794,
1601,0.646,
1602,0.57,
1603,0.68,
1604,0.866,
1605,1.006,
1606,0.969,
1607,0.846,
1608,0.722,
1609,0.617,
1610,0.649,
1611,0.746,
1612,0.735,
1613,0.785,
1614,0.91,
1615,1.063,
1616,1.213,
1617,1.327,
1618,1.577,
1619,2.019,
1620,2.465,
1621,2.829,
1622,3.131,
1623,3.475,
1624,3.818,
1625,4.028,
1626,4.085,
1627,4.071,
1628,4.016,
1629,3.882,
1630,3.699,
1631,3.644,
1632,3.731,
1633,3.827,
1634,3.86,
1635,3.872,
1636,3.989,
1637,4.38,
1638,4.693,
1639,4.828,
1640,4.974,
1641,5.186,
1642,5.415,
1643,5.495,
1644,7.034,
1645,9.063,
1646,9.79,
1647,10.344,
1648,10.837,
1649,10.789,
1650,10.552,
1651,10.475,
1652,10.519,
1653,10.463,
1654,10.121,
1655,9.795,
1656,9.581,
1657,9.325,
1658,9.006,
1659,8.891,
1660,8.59,
1661,8.233,
1662,8.17,
1663,8.092,
1664,7.738,
1665,7.478,
1666,7.22,
1667,7.163,
1668,7.05,
1669,6.84,
1670,6.637,
1671,6.264,
1672,5.89,
1673,5.617,
1674,5.428,
1675,5.428,
1676,5.436,
1677,5.309,
1678,5.285,
1679,5.409,
1680,5.585,
1681,5.773,
1682,5.768,
1683,5.616,
1684,5.504,
1685,5.576,
1686,5.801,
1687,5.964,
1688,5.721,
1689,5.404,
1690,5.092,
1691,4.852,
1692,4.752,
1693,4.728,
1694,4.778,
1695,5.08,
1696,5.325,
1697,5.417,
1698,5.37,
1699,5.269,
1700,5.253,
1701,5.1,
1702,4.926,
1703,4.913,
1704,5.101,
1705,5.301,
1706,5.426,
1707,5.553,
1708,5.596,
1709,5.646,
1710,5.7,
1711,5.824,
1712,6.046,
1713,6.29,
1714,6.256,
1715,5.962,
1716,6.855,
1717,7.768,
1718,7.209,
1719,6.914,
1720,7.617,
1721,8.147,
1722,8.144,
1723,8.292,
1724,8.316,
1725,7.983,
1726,7.643,
1727,7.763,
1728,7.721,
1729,7.852,
1730,8.894,
1731,8.323,
1732,8.695,
1733,8.862,
1734,9.11,
1735,8.904,
1736,8.268,
1737,7.417,
1738,6.873,
1739,6.767,
1740,6.28,
1741,5.92,
1742,5.709,
1743,5.394,
1744,5.202,
1745,4.969,
1746,4.798,
1747,4.805,
1748,4.849,
1749,4.925,
1750,4.864,
1751,4.955,
1752,5.226,
1753,5.408,
1754,5.401,
1755,5.425,
1756,5.721,
1757,5.949,
1758,6.002,
1759,5.957,
1760,5.92,
1761,5.785,
1762,5.591,
1763,5.553,
1764,5.532,
1765,5.573,
1766,5.634,
1767,5.75,
1768,5.811,
1769,5.857,
1770,5.933,
1771,5.965,
1772,6.001,
1773,6.06,
1774,6.165,
1775,6.207,
1776,6.233,
1777,6.285,
1778,6.414,
1779,6.513,
1780,6.467,
1781,6.407,
1782,6.426,
1783,6.445,
1784,6.381,
1785,6.289,
1786,6.157,
1787,6.084,
1788,5.982,
1789,5.891,
1790,5.884,
1791,5.863,
1792,5.729,
1793,5.68,
1794,5.83,
1795,6.097,
1796,6.271,
1797,6.257,
1798,6.313,
1799,6.586,
1800,6.762,
1801,6.642,
1802,6.013,
1803,6,
1804,5.939,
1805,5.674,
1806,5.422,
1807,5.771,
1808,6.043,
1809,6.247,
1810,6.538,
1811,6.733,
1812,6.809,
1813,6.775,
1814,6.614,
1815,6.725,
1816,7.004,
1817,7.096,
1818,7.113,
1819,7.172,
1820,7.199,
1821,7.376,
1822,7.527,
1823,7.466,
1824,7.276,
1825,7.031,
1826,6.881,
1827,6.855,
1828,6.835,
1829,6.665,
1830,6.34,
1831,6.039,
1832,5.807,
1833,5.602,
1834,5.481,
1835,5.465,
1836,5.417,
1837,5.303,
1838,5.188,
1839,5.032,
1840,4.753,
1841,4.477,
1842,4.401,
1843,4.257,
1844,4.04,
1845,3.841,
1846,3.599,
1847,3.069,
1848,1.933,
1849,1.822,
1850,3.717,
1851,4.223,
1852,3.826,
1853,3.432,
1854,3.137,
1855,2.9,
1856,2.694,
1857,2.492,
1858,2.372,
1859,2.207,
1860,1.99,
1861,1.777,
1862,1.609,
1863,1.466,
1864,1.343,
1865,1.221,
1866,1.12,
1867,1.013,
1868,0.864,
1869,0.704,
1870,0.8,
1871,1.057,
1872,1.3,
1873,1.68,
1874,2.237,
1875,2.605,
1876,2.89,
1877,3.216,
1878,3.706,
1879,3.671,
1880,3.667,
1881,3.463,
1882,3.23,
1883,3.068,
1884,3.072,
1885,3.262,
1886,3.567,
1887,3.972,
1888,4.495,
1889,5.108,
1890,5.715,
1891,6.41,
1892,7.411,
1893,8.316,
1894,8.518,
1895,8.424,
1896,8.624,
1897,8.817,
1898,8.887,
1899,8.85,
1900,8.885,
1901,8.933,
1902,8.988,
1903,8.943,
1904,8.75,
1905,8.527,
1906,8.307,
1907,8.26,
1908,8.387,
1909,8.555,
1910,8.68,
1911,8.757,
1912,8.78,
1913,8.763,
1914,8.661,
1915,8.556,
1916,8.419,
1917,8.293,
1918,8.201,
1919,8.175,
1920,8.239,
1921,8.265,
1922,8.298,
1923,8.317,
1924,8.331,
1925,8.237,
1926,8.123,
1927,8.029,
1928,7.96,
1929,7.877,
1930,7.803,
1931,7.739,
1932,7.673,
1933,7.584,
1934,7.456,
1935,7.386,
1936,7.312,
1937,7.229,
1938,7.135,
1939,7.021,
1940,6.915,
1941,6.813,
1942,6.664,
1943,6.655,
1944,6.71,
1945,6.557,
1946,7.049,
1947,7,
1948,6.82,
1949,7.377,
1950,7.347,
1951,7.01,
1952,6.586,
1953,6.734,
1954,6.681,
1955,6.639,
1956,6.712,
1957,6.673,
1958,6.622,
1959,6.523,
1960,6.311,
1961,6.025,
1962,5.431,
1963,4.98,
1964,5.804,
1965,6.304,
1966,6.736,
1967,7.19,
1968,7.747,
1969,8.161,
1970,7.963,
1971,7.272,
1972,6.598,
1973,6.285,
1974,6.269,
1975,5.664,
1976,5.277,
1977,6.294,
1978,7.45,
1979,7.455,
1980,7.21,
1981,7.042,
1982,7.043,
1983,7.136,
1984,7.212,
1985,7.207,
1986,7.237,
1987,7.333,
1988,7.509,
1989,7.584,
1990,7.545,
1991,7.458,
1992,7.36,
1993,7.225,
1994,7.064,
1995,6.878,
1996,6.705,
1997,6.577,
1998,6.323,
1999,6.061,
2000,5.873,
2001,5.648,
2002,5.423,
2003,5.164,
2004,4.945,
2005,4.713,
2006,4.427,
2007,4.036,
2008,3.756,
2009,3.584,
2010,3.644,
2011,3.949,
2012,4.491,
2013,5.295,
2014,5.735,
2015,6.344,
2016,6.408,
2017,6.469,
2018,6.36,
2019,6.072,
2020,6.297,
2021,6.438,
2022,6.275,
2023,6.205,
2024,5.95,
2025,5.645,
2026,5.731,
2027,6.233,
2028,6.674,
2029,6.837,
2030,6.953,
2031,7.355,
2032,7.678,
2033,7.649,
2034,7.596,
2035,7.205,
2036,6.65,
2037,6.364,
2038,6.281,
2039,6.304,
2040,6.384,
2041,6.561,
2042,6.55,
2043,6.336,
2044,6.208,
2045,6.273,
2046,6.348,
2047,6.391,
2048,6.262,
2049,6.145,
2050,6.18,
2051,6.181,
2052,6.156,
2053,6.234,
2054,6.378,
2055,6.546,
2056,6.619,
2057,6.701,
2058,6.727,
2059,6.61,
2060,6.53,
2061,6.401,
2062,6.219,
2063,5.984,
2064,5.944,
2065,5.915,
2066,5.816,
2067,5.643,
2068,5.479,
2069,5.374,
2070,5.34,
2071,5.392,
2072,5.482,
2073,5.562,
2074,5.627,
2075,5.803,
2076,6.093,
2077,6.446,
2078,6.7,
2079,6.926,
2080,7.281,
2081,7.775,
2082,8.162,
2083,8.686,
2084,9.156,
2085,9.496,
2086,9.743,
2087,9.778,
2088,9.891,
2089,9.893,
2090,9.984,
2091,10.092,
2092,10.101,
2093,10.119,
2094,10.202,
2095,10.065,
2096,9.774,
2097,9.384,
2098,9.301,
2099,9.449,
2100,9.615,
2101,9.655,
2102,9.609,
2103,9.596,
2104,9.683,
2105,9.837,
2106,10.093,
2107,10.595,
2108,11.019,
2109,11.186,
2110,11.079,
2111,11.092,
2112,11.243,
2113,11.362,
2114,11.487,
2115,11.669,
2116,12.012,
2117,12.416,
2118,12.71,
2119,13.09,
2120,12.642,
2121,12.512,
2122,12.976,
2123,13.725,
2124,12.616,
2125,11.719,
2126,11.159,
2127,11.115,
2128,11.536,
2129,12.394,
2130,13.482,
2131,14.42,
2132,15.467,
2133,15.919,
2134,15.932,
2135,15.815,
2136,15.97,
2137,16.184,
2138,16.365,
2139,16.595,
2140,16.723,
2141,16.62,
2142,16.529,
2143,16.374,
2144,15.42,
2145,15.474,
2146,16.28,
2147,16.479,
2148,16.007,
2149,15.237,
2150,15.025,
2151,15.598,
2152,16.265,
2153,16.775,
2154,17.161,
2155,17.468,
2156,17.551,
2157,17.706,
2158,18.246,
2159,17.94,
2160,16.682,
2161,16.481,
2162,16.597,
2163,16.611,
2164,16.358,
2165,16.673,
2166,16.625,
2167,16.946,
2168,16.793,
2169,17.415,
2170,17.615,
2171,17.685,
2172,17.127,
2173,16.941,
2174,17.134,
2175,17.391,
2176,17.119,
2177,17.075,
2178,17.559,
2179,17.57,
2180,18.024,
2181,17.998,
2182,17.861,
2183,18.424,
2184,18.395,
2185,17.792,
2186,17.549,
2187,17.691,
2188,17.583,
2189,18.021,
2190,17.242,
2191,16.993,
2192,17.443,
2193,17.587,
2194,17.347,
2195,17.854,
2196,17.94,
2197,17.613,
2198,17.334,
2199,16.9,
2200,17.067,
2201,16.775,
2202,16.335,
2203,15.907,
2204,16.011,
2205,16.536,
2206,16.951,
2207,16.699,
2208,16.256,
2209,16.404,
2210,16.514,
2211,17.12,
2212,17.497,
2213,17.45,
2214,17.538,
2215,18.009,
2216,18.144,
2217,17.673,
2218,17.176,
2219,17.446,
2220,17.946,
2221,18.356,
2222,18.326,
2223,17.981,
2224,17.664,
2225,17.686,
2226,17.674,
2227,17.587,
2228,17.346,
2229,17.069,
2230,16.868,
2231,16.814,
2232,16.793,
2233,16.637,
2234,16.404,
2235,16.076,
2236,15.666,
2237,15.616,
2238,15.121,
2239,15.281,
2240,15.315,
2241,15.315,
2242,15.215,
2243,15.094,
2244,14.958,
2245,14.839,
2246,14.594,
2247,14.306,
2248,14.158,
2249,14.058,
2250,14.145,
2251,14.235,
2252,14.308,
2253,14.222,
2254,14.214,
2255,14.166,
2256,14.013,
2257,13.945,
2258,13.969,
2259,13.911,
2260,13.958,
2261,14.101,
2262,14.249,
2263,14.21,
2264,14.065,
2265,13.951,
2266,13.835,
2267,13.916,
2268,14.001,
2269,13.998,
2270,14.005,
2271,14.068,
2272,14.029,
2273,13.878,
2274,13.677,
2275,13.538,
2276,13.362,
2277,13.197,
2278,12.921,
2279,12.781,
2280,12.755,
2281,12.656,
2282,12.496,
2283,12.346,
2284,12.266,
2285,12.216,
2286,12.137,
2287,12.037,
2288,11.94,
2289,11.848,
2290,11.726,
2291,11.627,
2292,11.535,
2293,11.491,
2294,11.455,
2295,11.411,
2296,11.376,
2297,11.353,
2298,11.327,
2299,11.328,
2300,11.347,
2301,11.37,
2302,11.411,
2303,11.401,
2304,11.344,
2305,10.995,
2306,10.701,
2307,10.781,
2308,10.132,
2309,10.415,
2310,10.3,
2311,10.113,
2312,9.948,
2313,9.848,
2314,9.678,
2315,9.455,
2316,9.252,
2317,9.12,
2318,9.115,
2319,9.501,
2320,10.009,
2321,10.414,
2322,10.562,
2323,10.742,
2324,11.134,
2325,11.086,
2326,11.092,
2327,11.137,
2328,11.869,
2329,11.568,
2330,11.512,
2331,11.502,
2332,11.942,
2333,11.578,
2334,10.907,
2335,9.653,
2336,8.875,
2337,9.244,
2338,9.454,
2339,9.204,
2340,9.097,
2341,8.914,
2342,8.585,
2343,8.467,
2344,8.751,
2345,9.239,
2346,9.735,
2347,10.047,
2348,10.027,
2349,9.983,
2350,9.822,
2351,9.612,
2352,9.574,
2353,9.823,
2354,10.301,
2355,10.42,
2356,10.328,
2357,10.351,
2358,10.221,
2359,10.02,
2360,9.997,
2361,9.932,
2362,9.876,
2363,9.935,
2364,9.937,
2365,9.899,
2366,9.95,
2367,10.048,
2368,10.154,
2369,10.119,
2370,9.935,
2371,9.848,
2372,10.02,
2373,10.271,
2374,10.305,
2375,10.294,
2376,10.064,
2377,10.674,
2378,10.791,
2379,11.54,
2380,11.879,
2381,11.939,
2382,12.524,
2383,12.512,
2384,12.536,
2385,12.51,
2386,12.383,
2387,12.193,
2388,11.949,
2389,12.012,
2390,11.95,
2391,11.863,
2392,11.858,
2393,11.862,
2394,11.895,
2395,11.716,
2396,11.632,
2397,11.539,
2398,11.341,
2399,10.799,
2400,10.223,
2401,9.61,
2402,9.862,
2403,10.084,
2404,9.463,
2405,9.092,
2406,9.166,
2407,9.243,
2408,9.563,
2409,10.11,
2410,10.591,
2411,10.826,
2412,10.864,
2413,10.843,
2414,10.785,
2415,10.762,
2416,10.855,
2417,10.905,
2418,10.885,
2419,10.994,
2420,11.352,
2421,11.854,
2422,12.129,
2423,11.976,
2424,11.765,
2425,10.941,
2426,10.567,
2427,10.076,
2428,9.883,
2429,10.366,
2430,10.157,
2431,9.921,
2432,10.107,
2433,11.076,
2434,11.746,
2435,12.133,
2436,12.811,
2437,13.659,
2438,13.642,
2439,13.392,
2440,14.586,
2441,15.063,
2442,15.054,
2443,14.967,
2444,15.541,
2445,15.718,
2446,14.942,
2447,15.936,
2448,17.379,
2449,17.157,
2450,17.479,
2451,17.267,
2452,17.915,
2453,17.543,
2454,17.49,
2455,18.212,
2456,19.802,
2457,16.895,
2458,18.621,
2459,19.992,
2460,21.158,
2461,20.603,
2462,18.847,
2463,18.158,
2464,18.324,
2465,17.629,
2466,18.103,
2467,17.76,
2468,18.126,
2469,18.814,
2470,19.649,
2471,18.725,
2472,18.63,
2473,19.248,
2474,18.925,
2475,17.487,
2476,17.113,
2477,18.492,
2478,19.443,
2479,18.858,
2480,18.899,
2481,18.74,
2482,18.435,
2483,19.497,
2484,19.07,
2485,18.584,
2486,18.85,
2487,18.962,
2488,18.01,
2489,18.084,
2490,18.428,
2491,18.085,
2492,17.352,
2493,17.092,
2494,16.932,
2495,16.738,
2496,16.439,
2497,16.658,
2498,16.707,
2499,16.751,
2500,16.759,
2501,16.328,
2502,15.796,
2503,15.735,
2504,15.47,
2505,15.706,
2506,15.853,
2507,15.261,
2508,15.491,
2509,16.19,
2510,16.568,
2511,16.445,
2512,16.04,
2513,16.142,
2514,16.382,
2515,16.099,
2516,16.08,
2517,16.465,
2518,16.793,
2519,17.309,
2520,17.696,
2521,17.163,
2522,16.674,
2523,16.175,
2524,15.835,
2525,15.306,
2526,14.723,
2527,15.001,
2528,15.378,
2529,16.573,
2530,17.293,
2531,17.487,
2532,17.518,
2533,17.606,
2534,17.866,
2535,17.712,
2536,17.532,
2537,17.662,
2538,17.357,
2539,16.925,
2540,16.63,
2541,16.149,
2542,16.073,
2543,16.379,
2544,16.595,
2545,16.786,
2546,16.764,
2547,16.796,
2548,16.956,
2549,17.199,
2550,17.558,
2551,17.619,
2552,17.822,
2553,17.725,
2554,17.292,
2555,17.178,
2556,17.265,
2557,17.277,
2558,17.38,
2559,17.421,
2560,17.226,
2561,17.303,
2562,17.459,
2563,17.465,
2564,17.078,
2565,16.807,
2566,16.769,
2567,16.345,
2568,15.957,
2569,15.438,
2570,14.982,
2571,14.78,
2572,14.731,
2573,14.641,
2574,14.3,
2575,13.938,
2576,13.737,
2577,13.66,
2578,13.635,
2579,13.551,
2580,13.273,
2581,13.051,
2582,12.917,
2583,12.756,
2584,12.501,
2585,12.334,
2586,12.266,
2587,12.299,
2588,12.349,
2589,12.357,
2590,12.327,
2591,12.416,
2592,12.592,
2593,12.858,
2594,13.723,
2595,13.781,
2596,14.12,
2597,14.102,
2598,14.68,
2599,15.312,
2600,15.426,
2601,15.626,
2602,15.927,
2603,16.126,
2604,15.958,
2605,15.898,
2606,15.657,
2607,15.45,
2608,15.398,
2609,15.325,
2610,15.152,
2611,14.761,
2612,14.119,
2613,13.381,
2614,12.825,
2615,12.444,
2616,12.134,
2617,11.745,
2618,11.548,
2619,11.568,
2620,11.458,
2621,11.188,
2622,10.944,
2623,10.781,
2624,10.605,
2625,10.29,
2626,9.962,
2627,9.959,
2628,10.044,
2629,10.128,
2630,10.087,
2631,9.912,
2632,9.678,
2633,9.518,
2634,9.374,
2635,9.115,
2636,8.705,
2637,8.424,
2638,8.445,
2639,8.25,
2640,7.991,
2641,7.728,
2642,7.589,
2643,7.485,
2644,7.292,
2645,6.965,
2646,6.651,
2647,6.51,
2648,6.403,
2649,6.379,
2650,6.335,
2651,6.34,
2652,6.359,
2653,6.288,
2654,6.143,
2655,5.921,
2656,5.725,
2657,5.69,
2658,6.025,
2659,6.343,
2660,6.546,
2661,6.527,
2662,6.322,
2663,6.282,
2664,6.555,
2665,6.833,
2666,7.557,
2667,7.717,
2668,7.886,
2669,8.089,
2670,8.629,
2671,8.996,
2672,9.082,
2673,9.124,
2674,9.052,
2675,9.149,
2676,9.232,
2677,9.373,
2678,9.439,
2679,9.831,
2680,10.178,
2681,10.48,
2682,10.567,
2683,10.588,
2684,10.3,
2685,9.725,
2686,9.373,
2687,8.698,
2688,8.663,
2689,8.865,
2690,9.275,
2691,9.349,
2692,9.349,
2693,9.629,
2694,9.79,
2695,9.365,
2696,9.327,
2697,9.605,
2698,9.67,
2699,9.672,
2700,9.603,
2701,9.657,
2702,9.465,
2703,9.057,
2704,8.642,
2705,8.167,
2706,7.714,
2707,7.245,
2708,6.82,
2709,6.488,
2710,6.39,
2711,6.475,
2712,6.768,
2713,7.161,
2714,7.35,
2715,7.248,
2716,7.06,
2717,6.636,
2718,5.901,
2719,4.957,
2720,3.814,
2721,2.808,
2722,2.208,
2723,1.879,
2724,1.66,
2725,1.459,
2726,1.202,
2727,0.878,
2728,0.561,
2729,0.395,
2730,0.376,
2731,0.43,
2732,0.551,
2733,0.696,
2734,0.84,
2735,0.939,
2736,1.01,
2737,1.515,
2738,2.385,
2739,3.246,
2740,4.03,
2741,4.616,
2742,5.258,
2743,6.197,
2744,7.233,
2745,8.232,
2746,9.213,
2747,9.706,
2748,9.999,
2749,9.935,
2750,9.654,
2751,9.564,
2752,9.52,
2753,9.5,
2754,9.504,
2755,9.364,
2756,9.198,
2757,9.095,
2758,8.991,
2759,8.876,
2760,8.721,
2761,8.509,
2762,8.289,
2763,8.209,
2764,8.23,
2765,8.183,
2766,8.024,
2767,7.865,
2768,7.774,
2769,7.739,
2770,7.608,
2771,7.51,
2772,7.492,
2773,7.522,
2774,7.583,
2775,7.493,
2776,7.485,
2777,7.583,
2778,7.566,
2779,7.565,
2780,7.459,
2781,7.171,
2782,6.892,
2783,6.758,
2784,6.663,
2785,6.579,
2786,6.482,
2787,6.333,
2788,6.151,
2789,5.969,
2790,5.79,
2791,5.613,
2792,5.473,
2793,5.329,
2794,5.068,
2795,4.812,
2796,4.787,
2797,4.995,
2798,5.323,
2799,5.774,
2800,6.369,
2801,6.551,
2802,6.621,
2803,6.766,
2804,6.521,
2805,5.955,
2806,5.68,
2807,5.78,
2808,5.981,
2809,5.693,
2810,5.08,
2811,5.182,
2812,4.963,
2813,4.542,
2814,4.382,
2815,4.389,
2816,4.465,
2817,4.371,
2818,4.182,
2819,4.176,
2820,4.416,
2821,4.659,
2822,4.666,
2823,4.598,
2824,4.797,
2825,5.139,
2826,5.516,
2827,5.965,
2828,6.634,
2829,7.393,
2830,7.808,
2831,7.928,
2832,8.042,
2833,8.2,
2834,8.493,
2835,9.232,
2836,9.946,
2837,10.094,
2838,9.91,
2839,10.185,
2840,10.443,
2841,10.719,
2842,10.924,
2843,11.157,
2844,11.523,
2845,11.851,
2846,12.123,
2847,12.485,
2848,12.721,
2849,12.903,
2850,13.172,
2851,13.375,
2852,13.401,
2853,13.292,
2854,13.123,
2855,12.855,
2856,12.834,
2857,12.452,
2858,11.968,
2859,11.637,
2860,11.476,
2861,11.512,
2862,11.469,
2863,11.381,
2864,11.248,
2865,11.101,
2866,10.894,
2867,10.792,
2868,10.668,
2869,10.505,
2870,10.404,
2871,10.452,
2872,10.636,
2873,11.186,
2874,12.003,
2875,12.645,
2876,12.971,
2877,13.206,
2878,13.285,
2879,13.327,
2880,13.325,
2881,13.311,
2882,13.446,
2883,12.76,
2884,12.617,
2885,12.518,
2886,12.547,
2887,12.979,
2888,13.454,
2889,13.956,
2890,14.438,
2891,14.752,
2892,15.089,
2893,15.378,
2894,15.7,
2895,16.012,
2896,16.34,
2897,16.498,
2898,16.615,
2899,16.52,
2900,16.447,
2901,16.393,
2902,16.353,
2903,16.239,
2904,16.045,
2905,15.982,
2906,15.972,
2907,15.896,
2908,15.754,
2909,15.735,
2910,15.813,
2911,15.898,
2912,16.003,
2913,16.076,
2914,16.098,
2915,15.986,
2916,15.875,
2917,15.675,
2918,15.643,
2919,15.549,
2920,15.394,
2921,15.314,
2922,15.211,
2923,15.081,
2924,14.868,
2925,14.614,
2926,14.412,
2927,14.256,
2928,14.163,
2929,14.081,
2930,13.998,
2931,13.889,
2932,13.863,
2933,13.801,
2934,13.725,
2935,13.698,
2936,13.672,
2937,13.69,
2938,13.674,
2939,13.631,
2940,13.533,
2941,13.498,
2942,13.482,
2943,13.422,
2944,13.439,
2945,13.425,
2946,13.462,
2947,13.497,
2948,13.486,
2949,13.485,
2950,13.55,
2951,13.536,
2952,13.451,
2953,13.316,
2954,12.901,
2955,12.554,
2956,12.274,
2957,12.063,
2958,11.601,
2959,11.499,
2960,11.421,
2961,11.214,
2962,11.244,
2963,11.293,
2964,11.507,
2965,10.616,
2966,12.395,
2967,12.088,
2968,13.408,
2969,12.059,
2970,11.444,
2971,13.012,
2972,13.746,
2973,13.805,
2974,13.449,
2975,12.959,
2976,12.729,
2977,12.584,
2978,12.068,
2979,11.869,
2980,11.437,
2981,10.893,
2982,10.526,
2983,10.981,
2984,11.1,
2985,11.442,
2986,11.513,
2987,11.843,
2988,11.976,
2989,12.105,
2990,12.199,
2991,12.381,
2992,12.94,
2993,13.341,
2994,13.631,
2995,13.675,
2996,13.744,
2997,13.651,
2998,13.838,
2999,14.048,
3000,14.261,
3001,14.43,
3002,14.609,
3003,14.668,
3004,14.622,
3005,14.424,
3006,14.305,
3007,14.241,
3008,14.163,
3009,13.909,
3010,13.766,
3011,13.541,
3012,13.504,
3013,13.602,
3014,13.729,
3015,13.709,
3016,13.685,
3017,13.623,
3018,13.516,
3019,13.501,
3020,13.588,
3021,13.717,
3022,13.81,
3023,13.87,
3024,13.919,
3025,13.181,
3026,13.335,
3027,12.837,
3028,11.542,
3029,11.336,
3030,11,
3031,10.891,
3032,10.539,
3033,10.207,
3034,9.633,
3035,9.341,
3036,9.551,
3037,10.029,
3038,10.655,
3039,11.303,
3040,11.569,
3041,11.617,
3042,11.494,
3043,11.365,
3044,11.427,
3045,11.836,
3046,12.423,
3047,12.879,
3048,13.181,
3049,13.338,
3050,13.341,
3051,13.307,
3052,13.249,
3053,13.04,
3054,12.824,
3055,12.611,
3056,12.335,
3057,12.053,
3058,11.584,
3059,11.025,
3060,10.697,
3061,10.336,
3062,10.318,
3063,11.862,
3064,14.946,
3065,15.058,
3066,14.007,
3067,12.977,
3068,10.967,
3069,11.382,
3070,12.379,
3071,12.753,
3072,12.428,
3073,12.144,
3074,11.28,
3075,10.847,
3076,10.321,
3077,9.808,
3078,9.44,
3079,9.023,
3080,8.436,
3081,7.923,
3082,7.678,
3083,7.523,
3084,7.4,
3085,7.305,
3086,7.339,
3087,7.506,
3088,7.812,
3089,8.121,
3090,8.389,
3091,8.6,
3092,8.787,
3093,8.992,
3094,9.084,
3095,9.128,
3096,9.19,
3097,8.669,
3098,8.136,
3099,7.616,
3100,7.476,
3101,6.771,
3102,6.25,
3103,6.394,
3104,6.545,
3105,6.59,
3106,6.829,
3107,6.902,
3108,6.948,
3109,6.815,
3110,6.868,
3111,7.293,
3112,7.762,
3113,8.258,
3114,8.783,
3115,9.167,
3116,9.455,
3117,9.561,
3118,9.638,
3119,9.685,
3120,9.708,
3121,9.799,
3122,9.836,
3123,9.806,
3124,9.717,
3125,9.559,
3126,9.461,
3127,9.402,
3128,9.302,
3129,9.231,
3130,9.25,
3131,9.249,
3132,9.259,
3133,9.297,
3134,9.246,
3135,8.982,
3136,8.6,
3137,8.189,
3138,7.759,
3139,7.402,
3140,7.163,
3141,7.046,
3142,6.836,
3143,6.66,
3144,6.433,
3145,6.177,
3146,5.865,
3147,5.542,
3148,5.336,
3149,5.115,
3150,4.991,
3151,4.902,
3152,4.802,
3153,4.739,
3154,4.671,
3155,4.534,
3156,4.318,
3157,4.154,
3158,4.068,
3159,4.025,
3160,4.012,
3161,3.978,
3162,3.962,
3163,3.994,
3164,4.074,
3165,4.232,
3166,4.462,
3167,4.629,
3168,4.734,
3169,4.596,
3170,4.636,
3171,4.638,
3172,4.349,
3173,5.167,
3174,4.626,
3175,4.656,
3176,4.501,
3177,4.423,
3178,4.486,
3179,4.317,
3180,3.967,
3181,3.715,
3182,3.462,
3183,3.168,
3184,2.865,
3185,2.857,
3186,2.912,
3187,2.83,
3188,2.758,
3189,2.913,
3190,3.248,
3191,3.527,
3192,3.681,
3193,3.883,
3194,4.139,
3195,4.211,
3196,4.178,
3197,4.17,
3198,4.189,
3199,4.192,
3200,4.165,
3201,4.114,
3202,4.161,
3203,4.296,
3204,4.392,
3205,4.394,
3206,4.367,
3207,4.372,
3208,4.297,
3209,4.172,
3210,4.054,
3211,4.066,
3212,4.168,
3213,4.27,
3214,4.487,
3215,4.832,
3216,5.618,
3217,6.342,
3218,6.442,
3219,6.289,
3220,6.136,
3221,6.125,
3222,6.203,
3223,6.271,
3224,6.178,
3225,6.014,
3226,5.883,
3227,5.851,
3228,5.824,
3229,5.761,
3230,5.77,
3231,5.854,
3232,5.997,
3233,6.079,
3234,6.096,
3235,6.113,
3236,6.186,
3237,6.259,
3238,6.343,
3239,6.45,
3240,6.482,
3241,6.149,
3242,6.005,
3243,5.732,
3244,5.685,
3245,5.433,
3246,5.367,
3247,5.314,
3248,5.254,
3249,5.129,
3250,5.051,
3251,5.025,
3252,4.955,
3253,4.943,
3254,4.926,
3255,4.877,
3256,4.929,
3257,5.039,
3258,5.104,
3259,5.132,
3260,5.166,
3261,5.287,
3262,5.489,
3263,5.604,
3264,5.624,
3265,5.652,
3266,5.611,
3267,5.44,
3268,5.176,
3269,4.925,
3270,4.724,
3271,4.408,
3272,3.998,
3273,3.573,
3274,3.3,
3275,3.046,
3276,2.761,
3277,2.512,
3278,2.296,
3279,2.066,
3280,1.842,
3281,1.472,
3282,1.082,
3283,0.96,
3284,0.922,
3285,0.929,
3286,0.909,
3287,0.88,
3288,0.735,
3289,0.561,
3290,0.492,
3291,0.52,
3292,0.541,
3293,0.612,
3294,0.698,
3295,0.716,
3296,0.699,
3297,0.785,
3298,0.982,
3299,1.146,
3300,1.276,
3301,1.391,
3302,1.566,
3303,1.78,
3304,1.836,
3305,1.811,
3306,1.787,
3307,1.784,
3308,1.843,
3309,1.86,
3310,1.85,
3311,1.864,
3312,1.978,
3313,1.637,
3314,2.174,
3315,2.019,
3316,2.058,
3317,2.294,
3318,2.186,
3319,2.37,
3320,2.565,
3321,2.957,
3322,3.44,
3323,3.601,
3324,3.409,
3325,3.176,
3326,3.228,
3327,3.165,
3328,3.113,
3329,3.033,
3330,2.962,
3331,2.879,
3332,2.73,
3333,2.51,
3334,2.357,
3335,2.35,
3336,2.281,
3337,2.119,
3338,2.077,
3339,2.231,
3340,2.845,
3341,3.404,
3342,3.219,
3343,2.906,
3344,2.922,
3345,3.3,
3346,3.495,
3347,3.523,
3348,3.394,
3349,3.329,
3350,3.238,
3351,3.216,
3352,3.109,
3353,3.076,
3354,3.233,
3355,3.45,
3356,3.726,
3357,3.966,
3358,4.254,
3359,4.483,
3360,4.685,
3361,4.919,
3362,5.189,
3363,5.526,
3364,5.83,
3365,6.05,
3366,6.189,
3367,6.362,
3368,6.541,
3369,6.58,
3370,6.586,
3371,6.634,
3372,6.713,
3373,6.772,
3374,6.771,
3375,6.724,
3376,6.691,
3377,6.771,
3378,6.876,
3379,7.005,
3380,7.132,
3381,7.207,
3382,7.291,
3383,7.452,
3384,7.483,
3385,6.925,
3386,6.209,
3387,5.818,
3388,5.072,
3389,4.388,
3390,3.64,
3391,3.631,
3392,3.759,
3393,3.868,
3394,3.931,
3395,3.822,
3396,3.645,
3397,3.416,
3398,3.126,
3399,2.727,
3400,2.406,
3401,2.387,
3402,2.377,
3403,2.544,
3404,2.777,
3405,3.063,
3406,3.194,
3407,3.227,
3408,3.477,
3409,3.608,
3410,3.586,
3411,3.609,
3412,3.852,
3413,4.104,
3414,4.309,
3415,4.42,
3416,4.546,
3417,4.802,
3418,5.147,
3419,5.431,
3420,5.635,
3421,5.883,
3422,6.192,
3423,6.534,
3424,6.787,
3425,6.909,
3426,6.938,
3427,6.904,
3428,6.795,
3429,6.723,
3430,6.712,
3431,6.799,
3432,6.862,
3433,6.987,
3434,7.114,
3435,7.216,
3436,7.27,
3437,7.311,
3438,7.321,
3439,7.345,
3440,7.445,
3441,7.606,
3442,7.695,
3443,7.662,
3444,7.542,
3445,7.472,
3446,7.501,
3447,7.55,
3448,7.512,
3449,7.467,
3450,7.389,
3451,7.433,
3452,7.217,
3453,7.024,
3454,6.79,
3455,6.6,
3456,6.568,
3457,6.391,
3458,6.799,
3459,6.641,
3460,6.601,
3461,6.884,
3462,6.73,
3463,7.683,
3464,8.182,
3465,8.6,
3466,8.691,
3467,8.171,
3468,7.471,
3469,7.059,
3470,7.095,
3471,7.593,
3472,8.195,
3473,8.721,
3474,9.201,
3475,9.519,
3476,9.617,
3477,9.822,
3478,9.846,
3479,9.529,
3480,9.704,
3481,10.015,
3482,9.947,
3483,9.791,
3484,9.502,
3485,9.306,
3486,9.256,
3487,9.499,
3488,9.928,
3489,10.328,
3490,10.305,
3491,10.188,
3492,10.227,
3493,10.096,
3494,10.219,
3495,10.177,
3496,10.748,
3497,10.506,
3498,10.032,
3499,11.272,
3500,11.579,
3501,11.814,
3502,12.025,
3503,12.326,
3504,12.549,
3505,12.516,
3506,12.566,
3507,12.658,
3508,12.752,
3509,12.912,
3510,13.278,
3511,13.454,
3512,13.449,
3513,13.326,
3514,13.22,
3515,13.126,
3516,13.18,
3517,13.262,
3518,13.458,
3519,13.607,
3520,13.613,
3521,13.631,
3522,13.621,
3523,13.708,
3524,13.824,
3525,13.987,
3526,13.999,
3527,13.983,
3528,13.919,
3529,13.715,
3530,14.369,
3531,14.502,
3532,14.707,
3533,15.092,
3534,15.256,
3535,14.922,
3536,14.527,
3537,13.961,
3538,13.393,
3539,13.046,
3540,12.719,
3541,12.359,
3542,12.014,
3543,11.734,
3544,11.448,
3545,11.169,
3546,11.007,
3547,11.031,
3548,10.99,
3549,10.988,
3550,11.013,
3551,10.991,
3552,10.932,
3553,10.892,
3554,10.974,
3555,11.118,
3556,11.294,
3557,11.392,
3558,11.359,
3559,11.317,
3560,11.264,
3561,11.114,
3562,10.914,
3563,10.793,
3564,10.712,
3565,10.691,
3566,10.706,
3567,10.658,
3568,10.533,
3569,10.192,
3570,9.702,
3571,9.185,
3572,8.814,
3573,8.601,
3574,8.394,
3575,8.188,
3576,8.025,
3577,8.047,
3578,8.161,
3579,8.392,
3580,8.662,
3581,8.901,
3582,9.16,
3583,9.441,
3584,9.775,
3585,10.09,
3586,10.359,
3587,10.669,
3588,10.924,
3589,11.11,
3590,11.245,
3591,11.346,
3592,11.409,
3593,11.436,
3594,11.494,
3595,11.504,
3596,11.447,
3597,11.289,
3598,11.103,
3599,11.052,
3600,11.105,
3601,10.975,
3602,11.165,
3603,10.953,
3604,10.894,
3605,10.454,
3606,10.536,
3607,10.537,
3608,10.32,
3609,10.034,
3610,9.82,
3611,9.621,
3612,9.613,
3613,9.515,
3614,9.476,
3615,9.391,
3616,9.191,
3617,9.144,
3618,9.061,
3619,8.95,
3620,8.776,
3621,8.742,
3622,8.769,
3623,8.765,
3624,8.767,
3625,8.838,
3626,8.957,
3627,9.141,
3628,9.398,
3629,9.665,
3630,9.846,
3631,10.016,
3632,10.072,
3633,10.071,
3634,10.104,
3635,10.175,
3636,10.347,
3637,10.51,
3638,10.661,
3639,10.702,
3640,10.62,
3641,10.652,
3642,10.708,
3643,10.749,
3644,10.79,
3645,10.973,
3646,11.257,
3647,11.483,
3648,11.54,
3649,11.57,
3650,11.611,
3651,11.473,
3652,11.22,
3653,10.977,
3654,10.826,
3655,10.582,
3656,10.295,
3657,10.148,
3658,10.177,
3659,10.187,
3660,10.176,
3661,10.316,
3662,10.576,
3663,10.835,
3664,11.093,
3665,11.281,
3666,11.53,
3667,11.794,
3668,12.016,
3669,12.123,
3670,12.241,
3671,12.361,
3672,12.41,
3673,12.238,
3674,11.601,
3675,11.193,
3676,10.982,
3677,10.855,
3678,10.187,
3679,9.969,
3680,9.819,
3681,10.046,
3682,10.004,
3683,10.134,
3684,10.323,
3685,10.679,
3686,11.051,
3687,11.544,
3688,12.093,
3689,12.463,
3690,12.676,
3691,12.964,
3692,13.123,
3693,13.076,
3694,12.941,
3695,12.843,
3696,12.978,
3697,13.08,
3698,13.332,
3699,13.473,
3700,13.55,
3701,13.576,
3702,13.453,
3703,13.441,
3704,13.463,
3705,13.869,
3706,14.12,
3707,14.546,
3708,14.866,
3709,14.876,
3710,14.82,
3711,14.986,
3712,15.292,
3713,15.639,
3714,15.856,
3715,15.824,
3716,15.65,
3717,15.474,
3718,15.11,
3719,14.42,
3720,13.653,
3721,13.681,
3722,13.968,
3723,14.077,
3724,14.432,
3725,14.651,
3726,14.601,
3727,14.595,
3728,14.52,
3729,14.69,
3730,14.755,
3731,14.925,
3732,15.347,
3733,15.834,
3734,16.561,
3735,16.994,
3736,17.426,
3737,17.943,
3738,17.969,
3739,17.83,
3740,18.117,
3741,18.639,
3742,19.098,
3743,19.096,
3744,18.945,
3745,18.393,
3746,17.754,
3747,17.405,
3748,17.239,
3749,16.488,
3750,15.93,
3751,15.634,
3752,15.619,
3753,15.565,
3754,15.27,
3755,15.391,
3756,15.806,
3757,16.194,
3758,17.1,
3759,18.407,
3760,19.125,
3761,19.79,
3762,20.722,
3763,21.718,
3764,22.39,
3765,22.252,
3766,21.144,
3767,20.355,
3768,20.161,
3769,20.124,
3770,20.156,
3771,19.784,
3772,19.555,
3773,19.373,
3774,19.246,
3775,20.037,
3776,19.082,
3777,18.601,
3778,18.227,
3779,17.596,
3780,17.112,
3781,16.929,
3782,17.026,
3783,17.205,
3784,17.25,
3785,17.009,
3786,17.002,
3787,17.11,
3788,17.064,
3789,16.969,
3790,16.542,
3791,15.874,
3792,15.628,
3793,15.663,
3794,15.415,
3795,15.717,
3796,15.358,
3797,15.321,
3798,15.849,
3799,16.575,
3800,17.248,
3801,17.309,
3802,16.883,
3803,16.522,
3804,16.377,
3805,16.487,
3806,16.712,
3807,17.19,
3808,17.877,
3809,18.113,
3810,18.09,
3811,18.175,
3812,18.144,
3813,17.917,
3814,17.646,
3815,17.365,
3816,16.91,
3817,17.069,
3818,16.736,
3819,16.604,
3820,16.782,
3821,16.396,
3822,16.348,
3823,16.482,
3824,16.587,
3825,16.648,
3826,16.582,
3827,16.642,
3828,16.743,
3829,17.146,
3830,17.53,
3831,17.557,
3832,17.938,
3833,18.439,
3834,18.337,
3835,18.408,
3836,19.006,
3837,19.465,
3838,19.565,
3839,18.85,
3840,18.434,
3841,18.602,
3842,18.9,
3843,19.018,
3844,18.784,
3845,18.596,
3846,18.671,
3847,18.782,
3848,19.094,
3849,19.509,
3850,19.696,
3851,19.495,
3852,19.398,
3853,19.482,
3854,19.642,
3855,19.63,
3856,19.465,
3857,19.671,
3858,19.923,
3859,19.877,
3860,19.848,
3861,19.714,
3862,19.439,
3863,19.154,
3864,18.995,
3865,18.822,
3866,18.681,
3867,18.67,
3868,18.831,
3869,19.107,
3870,19.267,
3871,19.253,
3872,18.885,
3873,18.822,
3874,18.652,
3875,18.587,
3876,18.609,
3877,18.488,
3878,18.257,
3879,18.071,
3880,18.008,
3881,18.001,
3882,17.991,
3883,17.925,
3884,17.845,
3885,17.756,
3886,17.7,
3887,17.713,
3888,17.752,
3889,17.668,
3890,17.113,
3891,17.212,
3892,16.365,
3893,16.176,
3894,15.814,
3895,15.933,
3896,15.816,
3897,15.604,
3898,15.456,
3899,15.418,
3900,15.401,
3901,15.441,
3902,15.821,
3903,16.199,
3904,16.308,
3905,16.407,
3906,16.559,
3907,16.769,
3908,16.936,
3909,17.083,
3910,16.907,
3911,16.477,
3912,16.349,
3913,15.771,
3914,14.804,
3915,14.218,
3916,13.704,
3917,13.48,
3918,13.47,
3919,13.28,
3920,12.735,
3921,12.157,
3922,11.895,
3923,12.136,
3924,12.606,
3925,13.271,
3926,13.684,
3927,14.086,
3928,14.482,
3929,14.536,
3930,14.445,
3931,14.283,
3932,14.203,
3933,14.33,
3934,14.504,
3935,14.474,
3936,14.43,
3937,14.342,
3938,14.238,
3939,14.04,
3940,13.91,
3941,13.552,
3942,13.571,
3943,13.628,
3944,13.673,
3945,13.604,
3946,13.57,
3947,13.448,
3948,13.174,
3949,12.909,
3950,12.718,
3951,12.644,
3952,12.519,
3953,12.358,
3954,12.074,
3955,11.755,
3956,11.492,
3957,11.291,
3958,11.077,
3959,10.894,
3960,10.706,
3961,10.241,
3962,9.746,
3963,9.415,
3964,8.848,
3965,8.296,
3966,7.851,
3967,8.195,
3968,8.336,
3969,8.31,
3970,8.284,
3971,8.241,
3972,8.177,
3973,7.943,
3974,7.734,
3975,7.761,
3976,7.869,
3977,7.885,
3978,7.69,
3979,7.535,
3980,7.477,
3981,7.448,
3982,7.467,
3983,7.54,
3984,7.687,
3985,7.82,
3986,7.893,
3987,8.014,
3988,8.239,
3989,8.511,
3990,8.683,
3991,8.788,
3992,8.876,
3993,9.089,
3994,9.25,
3995,9.319,
3996,9.262,
3997,9.09,
3998,8.83,
3999,8.562,
4000,8.351,
4001,8.293,
4002,8.255,
4003,8.248,
4004,8.126,
4005,7.832,
4006,7.462,
4007,7.214,
4008,7.089,
4009,6.905,
4010,6.69,
4011,6.496,
4012,6.38,
4013,6.328,
4014,6.223,
4015,6.055,
4016,5.845,
4017,5.593,
4018,5.309,
4019,4.932,
4020,4.582,
4021,4.289,
4022,4.185,
4023,4.115,
4024,3.957,
4025,3.796,
4026,3.737,
4027,3.774,
4028,3.837,
4029,3.928,
4030,4.007,
4031,4.004,
4032,4.067,
4033,4.432,
4034,4.923,
4035,4.674,
4036,5.094,
4037,5.654,
4038,5.834,
4039,5.949,
4040,5.736,
4041,5.439,
4042,5.217,
4043,5.078,
4044,4.816,
4045,4.625,
4046,4.573,
4047,4.576,
4048,4.676,
4049,4.97,
4050,5.272,
4051,5.519,
4052,5.67,
4053,5.785,
4054,5.912,
4055,6.079,
4056,6.37,
4057,6.545,
4058,6.676,
4059,6.858,
4060,6.796,
4061,7.004,
4062,7.307,
4063,7.33,
4064,7.262,
4065,7.217,
4066,7.153,
4067,7.208,
4068,7.341,
4069,7.566,
4070,7.6,
4071,7.529,
4072,7.284,
4073,7.089,
4074,6.987,
4075,7.038,
4076,7.206,
4077,7.376,
4078,7.43,
4079,7.442,
4080,7.522,
4081,7.691,
4082,7.937,
4083,8.099,
4084,8.214,
4085,8.124,
4086,8.191,
4087,8.229,
4088,7.96,
4089,7.704,
4090,7.374,
4091,6.976,
4092,6.627,
4093,6.318,
4094,6.047,
4095,5.778,
4096,5.521,
4097,5.35,
4098,5.268,
4099,5.264,
4100,5.36,
4101,5.64,
4102,6.14,
4103,6.601,
4104,6.851,
4105,6.694,
4106,6.816,
4107,6.563,
4108,6.215,
4109,6.438,
4110,6.131,
4111,6.057,
4112,5.963,
4113,5.694,
4114,5.379,
4115,5.149,
4116,5.126,
4117,5.161,
4118,5.251,
4119,5.491,
4120,5.672,
4121,5.881,
4122,6.041,
4123,6.178,
4124,6.414,
4125,6.85,
4126,7.366,
4127,7.825,
4128,8.264,
4129,8.63,
4130,8.601,
4131,8.653,
4132,8.518,
4133,8.477,
4134,8.636,
4135,8.849,
4136,9.11,
4137,9.205,
4138,9.169,
4139,8.91,
4140,8.634,
4141,8.525,
4142,8.563,
4143,8.594,
4144,8.539,
4145,8.444,
4146,8.407,
4147,8.36,
4148,8.288,
4149,8.097,
4150,7.858,
4151,7.774,
4152,7.806,
4153,7.921,
4154,8.117,
4155,8.401,
4156,8.805,
4157,9.012,
4158,9.007,
4159,8.939,
4160,8.836,
4161,8.755,
4162,8.705,
4163,8.656,
4164,8.634,
4165,8.677,
4166,8.78,
4167,8.906,
4168,9.014,
4169,9.065,
4170,9.106,
4171,9.17,
4172,9.276,
4173,9.427,
4174,9.517,
4175,9.46,
4176,9.309,
